,id,tackles_r_count,offsides_r_count,total_shots_l,yellow_cards_r_count,shots_on_target_l,corners_l_count,goals_r_count,shots_on_target_r,passes_r,tackles_l_count,possession_l,goals_l_count,corners_r_count,passes_l,yellow_cards_l_count,free_kicks_r_count,free_kicks_l_count,fouls_r_count,offsides_l_count,ball_on_side_l,outlier,score
0,100000,41,0,13,0,22,2,0,0,223,20,75,1,1,779,1,9,4,2,0,46,1,-1.0177564223204592
1,100001,28,0,6,0,6,3,0,1,279,30,64,0,1,696,2,9,2,2,1,62,1,-1.0941694232568244
2,100002,22,0,18,0,63,0,1,0,241,23,72,3,0,833,0,6,2,2,0,48,1,-1.0046621961079614
3,100003,33,0,5,0,42,1,1,1,220,20,69,1,2,830,0,4,2,1,0,57,1,-1.1487380302105161
4,100004,16,0,5,0,3,1,2,0,248,25,59,2,0,691,1,7,3,2,0,66,1,-1.034658339916925
5,100005,23,0,22,1,33,1,0,10,452,49,46,3,1,552,1,12,1,1,0,56,-1,-1.5154852131012921
6,100006,24,0,7,0,32,0,0,0,263,22,61,0,0,827,0,13,3,2,0,56,1,-0.982941358328471
7,100007,32,0,9,0,55,2,2,0,157,11,81,3,0,879,0,3,4,3,0,41,1,-1.1009213397461861
8,100008,33,0,19,0,25,1,2,5,325,29,63,3,1,670,0,11,3,3,0,48,1,-1.0371054097880488
9,100009,38,0,9,0,5,2,0,0,246,19,72,1,0,757,0,6,5,5,0,36,1,-1.0259375585341814
10,100010,33,0,28,0,32,0,0,0,165,14,79,0,0,950,0,2,1,1,0,49,1,-1.0481727966815073
11,100011,34,0,15,0,13,3,1,2,321,24,59,1,0,727,1,8,1,1,1,47,1,-1.0044788717337372
12,100012,23,0,36,0,49,1,1,0,276,29,63,2,0,778,2,11,3,3,0,46,1,-1.0416932226807898
13,100013,23,1,24,0,10,1,1,9,345,25,51,0,0,738,1,15,2,1,0,54,1,-1.1262746477774785
14,100014,20,0,49,0,28,2,1,0,191,18,74,1,1,881,1,6,1,2,0,37,1,-1.1110451497110245
15,100015,20,0,24,0,57,2,0,0,323,21,66,2,0,795,1,7,1,1,1,32,1,-1.0295088097193381
16,100016,31,0,17,0,44,2,0,0,225,22,69,0,0,751,1,8,2,4,1,45,1,-0.9857983538275353
17,100017,26,0,16,0,22,2,1,0,254,25,68,2,0,762,0,9,3,3,1,35,1,-0.9866671596942815
18,100018,25,0,7,0,61,1,1,0,245,21,64,1,0,753,0,7,3,2,0,43,1,-0.9827755086290525
19,100019,28,1,0,2,7,0,4,10,301,25,58,3,1,646,2,10,5,3,0,60,-1,-1.769671310351712
20,100020,21,1,29,0,46,2,1,2,225,13,76,3,0,895,0,6,1,0,0,50,1,-1.1407027814779378
21,100021,18,0,10,0,12,0,1,23,331,24,61,1,0,573,0,9,1,0,0,59,1,-1.2029018373357103
22,100022,27,0,5,0,5,2,0,10,354,26,65,0,0,766,1,10,1,0,0,51,1,-1.024428491083306
23,100023,13,0,26,0,47,1,1,1,450,32,48,1,0,533,3,18,2,1,0,53,1,-1.397512237932884
24,100024,24,0,10,0,6,0,2,0,246,19,63,0,0,797,1,12,1,1,0,58,1,-0.999045488847291
25,100025,37,0,5,0,16,1,1,2,289,26,63,0,0,619,1,12,4,4,0,57,1,-1.0173141641444348
26,100026,34,0,10,0,21,1,1,9,187,15,72,1,0,948,0,4,4,2,0,47,1,-0.9909789503956756
27,100027,32,0,34,0,57,0,1,0,283,20,69,2,0,749,1,8,4,4,0,36,1,-1.0246362760920356
28,100028,23,0,7,0,22,2,2,13,262,29,60,3,1,763,0,13,3,3,1,58,1,-1.0935064214509724
29,100029,26,0,0,0,8,4,1,0,232,22,69,1,1,694,0,8,4,4,0,49,1,-1.0528184323596814
30,100030,31,0,13,1,24,4,1,0,211,20,65,0,0,652,1,12,3,2,2,54,1,-1.257951956098035
31,100031,31,0,18,0,27,1,0,3,198,13,71,3,0,682,1,7,4,4,1,44,1,-1.011006308726012
32,100032,31,1,12,0,19,1,5,2,248,20,62,0,2,665,0,5,7,3,0,62,-1,-1.5011902206579573
33,100033,29,0,5,0,6,2,1,0,184,20,71,1,0,720,1,7,4,2,1,49,1,-0.9828463295486969
34,100035,28,0,40,0,59,2,0,0,286,28,59,0,1,731,0,10,3,3,0,46,1,-1.0701199304016364
35,100036,33,0,13,0,19,2,2,0,248,19,65,3,0,729,0,10,2,1,1,48,1,-0.9936934722572258
36,100037,47,0,3,0,14,2,1,6,225,27,68,1,0,862,0,9,0,0,0,55,1,-1.075237643604244
37,100038,14,0,29,0,20,4,1,0,245,13,69,5,0,852,0,8,1,1,1,43,1,-1.1744561236129296
38,100039,21,0,12,0,32,0,0,17,308,30,66,0,0,641,1,8,3,1,0,64,1,-1.1043609402955967
39,100040,23,0,23,0,36,2,0,1,279,19,67,4,0,908,0,10,2,1,0,45,1,-1.0089895882188162
40,100041,24,0,9,0,14,1,2,1,227,33,61,2,0,838,0,7,0,0,0,63,1,-1.031447744332835
41,100042,28,0,13,0,15,1,2,3,268,18,73,1,0,889,0,5,2,1,0,51,1,-0.9780933390216705
42,100043,22,0,14,0,28,2,0,7,263,25,62,2,0,733,1,7,3,2,0,45,1,-0.9762152747295435
43,100044,23,1,28,0,24,2,0,11,297,22,62,1,0,739,1,9,3,2,0,51,1,-1.0908519112200652
44,100045,36,1,4,1,37,1,3,9,199,18,76,2,0,985,0,4,3,3,0,51,1,-1.4057934136553702
45,100046,21,0,22,0,70,2,0,0,238,21,68,1,0,809,0,9,3,3,2,38,1,-1.069725939697878
46,100047,30,0,2,0,30,1,1,0,286,20,66,0,0,849,0,11,5,4,1,60,1,-1.003417691830046
47,100048,25,0,20,0,23,2,1,0,321,30,59,1,0,601,2,11,5,3,1,51,1,-1.0501064717504152
48,100049,29,0,8,0,7,2,1,3,166,17,70,0,0,792,1,9,4,2,1,49,1,-0.9836490184100524
49,100050,28,0,20,0,21,1,1,9,220,20,67,1,0,782,1,15,1,1,2,47,1,-1.0709982301614955
50,100051,37,0,41,0,75,2,1,5,243,19,66,2,0,672,0,6,4,4,0,35,1,-1.102256839240687
51,100052,24,0,1,0,23,0,0,0,401,37,56,2,0,712,1,10,0,0,0,52,1,-1.0933698998007522
52,100053,27,0,47,0,28,0,1,7,320,29,53,2,0,704,2,11,1,1,0,50,1,-1.1033539043816625
53,100054,23,1,12,0,21,1,1,11,358,29,55,1,0,692,0,17,5,3,1,67,1,-1.1828085472705872
54,100055,19,0,19,0,34,3,1,4,203,26,57,1,0,645,1,12,2,1,2,41,1,-1.0747471990101174
55,100056,27,0,8,0,14,1,0,3,149,14,80,1,0,1032,0,5,5,4,0,60,1,-1.0469331259022523
56,100057,43,0,18,1,36,2,0,1,240,21,75,0,0,849,0,6,5,8,1,51,1,-1.3334131608415072
57,100058,28,0,20,0,37,1,1,0,311,24,64,3,0,696,0,8,4,3,0,42,1,-0.9967842647421525
58,100059,40,0,14,0,47,1,0,0,258,22,70,0,0,759,0,9,1,1,0,40,1,-0.999845396777658
59,100060,25,0,22,0,16,1,0,4,360,35,58,3,0,778,0,14,1,1,0,48,1,-1.0450013614879805
60,100061,25,0,25,0,3,1,1,7,321,23,65,1,1,713,1,9,4,2,0,46,1,-1.0089248447762869
61,100062,24,0,23,0,20,1,0,0,197,14,71,1,0,919,0,6,2,2,1,55,1,-0.9823004397371284
62,100063,33,0,11,0,35,2,0,0,223,17,72,1,0,986,0,5,4,4,0,45,1,-0.994842300101628
63,100064,20,0,6,0,28,1,1,4,229,27,72,1,0,921,0,7,1,1,1,49,1,-0.9812001848752645
64,100065,28,0,10,0,33,4,1,0,253,26,64,1,0,612,1,10,2,3,0,43,1,-1.0090696713919325
65,100066,35,0,31,0,22,3,0,0,265,15,69,1,1,746,0,6,1,1,0,36,1,-1.0439440044053063
66,100067,31,0,7,0,20,0,1,14,377,22,60,1,1,667,0,12,2,1,0,55,1,-1.060154381769659
67,100068,25,0,28,0,43,0,0,1,278,17,68,1,0,672,0,9,2,2,0,36,1,-0.986864161249523
68,100069,20,2,13,0,15,2,0,10,318,24,56,1,1,618,1,8,5,2,0,56,1,-1.3623320718029992
69,100070,20,0,15,0,39,1,1,0,336,25,61,3,0,779,1,13,1,1,0,47,1,-1.0108801150769453
70,100071,28,1,2,0,5,0,1,3,260,22,64,2,0,759,0,9,4,2,0,62,1,-1.0735617343165116
71,100072,20,0,34,0,28,0,0,0,320,28,62,2,0,732,0,10,5,4,0,46,1,-1.0253722975033168
72,100073,21,0,12,0,17,0,0,3,246,27,68,1,0,876,0,7,1,0,0,50,1,-0.980332142717428
73,100074,25,0,41,0,54,0,1,2,265,16,73,3,0,837,0,8,4,3,0,39,1,-1.035171110137921
74,100075,36,0,41,0,35,0,0,0,300,20,64,0,0,761,2,11,2,3,0,39,1,-1.0913812682463617
75,100076,26,0,10,0,5,1,1,0,233,25,67,1,0,820,1,10,1,1,0,64,1,-0.9858937411155085
76,100077,39,0,14,0,14,2,2,0,315,22,72,2,0,887,0,5,1,1,0,51,1,-1.0053520929281652
77,100078,17,0,13,0,23,1,0,1,226,19,61,1,1,817,1,10,6,2,0,67,1,-1.075422792403524
78,100079,27,0,20,0,17,2,0,0,314,27,59,0,0,628,2,15,1,0,1,43,1,-1.0816500097942685
79,100080,49,0,26,0,31,2,1,0,198,16,75,2,0,889,0,5,2,1,0,50,1,-1.044741697484402
80,100081,30,0,8,0,32,1,2,6,313,26,64,2,1,696,0,8,3,2,0,34,1,-1.0250269351406454
81,100082,23,0,2,0,28,0,1,11,303,28,58,2,1,658,2,9,2,2,0,50,1,-1.0591960104189264
82,100083,34,0,7,0,41,0,4,3,311,21,61,1,0,809,2,8,2,1,0,55,1,-1.1589047257282754
83,100084,43,0,17,0,8,0,0,3,295,30,66,1,0,858,2,8,4,4,0,57,1,-1.1035356116242216
84,100085,22,0,20,0,30,0,2,1,353,30,58,2,1,735,1,15,3,3,0,65,1,-1.0731174696190307
85,100086,40,0,15,0,29,4,1,0,167,21,73,1,0,714,1,5,3,3,1,50,1,-1.03659562099339
86,100087,31,0,26,0,41,2,1,0,217,17,66,1,0,732,0,7,3,2,0,34,1,-0.9846233333985246
87,100088,36,0,13,0,7,2,1,4,239,18,72,2,2,792,0,6,2,1,0,43,1,-1.1442295816632804
88,100089,34,0,7,0,2,1,1,5,143,20,76,2,0,963,1,5,4,3,0,57,1,-1.014706491047201
89,100090,24,0,10,0,14,1,4,1,327,22,65,2,0,825,0,5,0,0,0,64,1,-1.134779485281138
90,100091,36,0,18,0,73,2,0,11,307,18,66,2,2,797,0,8,3,2,0,39,1,-1.2382686941917054
91,100092,26,0,16,1,16,2,0,0,222,17,68,1,0,806,0,9,2,1,1,38,1,-1.1788723997184338
92,100093,30,0,9,0,11,2,2,10,249,13,67,1,1,847,0,10,4,3,1,44,1,-1.0530112113048598
93,100094,22,0,28,0,38,0,0,0,337,30,53,3,1,738,0,9,0,0,0,42,1,-1.0919973187462984
94,100095,18,0,12,0,3,2,3,1,289,25,56,0,0,555,2,10,3,1,1,63,1,-1.150632171095939
95,100096,18,0,23,0,31,1,3,0,279,20,64,4,0,709,1,8,2,0,0,64,1,-1.1143765253980575
96,100097,34,0,39,0,60,2,1,2,186,16,73,2,0,880,0,7,4,5,0,40,1,-1.0552424915110268
97,100098,29,0,8,0,23,2,2,7,205,19,73,0,2,750,1,7,3,3,2,58,1,-1.231148522101367
98,100099,24,0,6,0,4,2,0,12,164,23,75,1,1,832,0,8,2,2,0,67,1,-1.0787729291407289
99,100100,28,0,16,0,12,3,0,2,242,11,71,1,0,761,0,7,2,1,2,50,1,-1.035311555340448
100,100101,31,0,23,0,31,1,0,2,296,17,72,1,1,809,0,4,5,4,1,43,1,-1.0287827001464795
101,100102,25,0,44,0,19,2,0,1,248,25,63,1,0,706,0,14,4,5,2,43,1,-1.146232202820781
102,100103,26,0,16,0,18,2,1,0,275,17,68,2,0,953,1,10,2,0,0,53,1,-0.9821360561299783
103,100104,29,0,1,0,11,2,1,0,270,27,61,1,0,647,1,12,2,1,1,55,1,-1.0018519471059275
104,100105,27,1,3,0,28,2,0,6,224,25,59,0,0,705,2,11,3,2,0,51,1,-1.1199796786471647
105,100106,24,0,9,0,23,1,0,0,337,25,55,0,0,631,1,10,0,0,0,51,1,-1.0225406829543568
106,100107,30,0,9,0,26,2,0,0,261,18,65,0,0,657,1,11,3,3,1,49,1,-0.9892153706140355
107,100108,28,0,7,0,13,1,1,16,288,23,64,1,0,765,1,10,0,0,0,58,1,-1.04063453465659
108,100109,29,0,7,0,42,2,2,1,316,23,62,2,0,737,1,12,5,4,1,51,1,-1.0258219268116966
109,100110,33,0,16,0,68,0,1,8,307,20,66,4,0,815,0,8,3,3,0,37,1,-1.0813732979668031
110,100111,34,0,34,0,67,2,1,0,210,15,74,3,1,924,0,4,3,3,1,47,1,-1.1079617119694227
111,100112,26,0,22,0,13,1,1,8,215,17,73,1,0,947,0,5,3,3,0,55,1,-0.9822049638168009
112,100113,30,0,18,0,32,1,0,4,308,29,53,0,0,674,1,13,5,2,0,63,1,-1.0374258754119607
113,100114,31,0,13,0,17,1,0,7,180,19,72,1,0,795,1,4,3,1,0,49,1,-0.97982602657308
114,100115,20,0,15,0,20,2,2,13,274,20,65,0,1,752,0,10,2,1,1,60,1,-1.0477672738657258
115,100116,31,0,12,0,23,0,2,1,224,14,67,1,0,787,0,5,3,0,0,65,1,-0.9981911862658933
116,100117,21,1,13,0,21,1,1,0,373,30,61,2,0,762,0,14,1,1,0,51,1,-1.0991771791715186
117,100118,31,0,20,0,26,0,0,0,242,20,66,1,0,929,0,6,3,5,0,47,1,-0.9831037712682064
118,100119,21,0,33,0,41,1,2,3,279,29,66,2,1,786,1,7,4,3,0,47,1,-1.0402773209220735
119,100120,30,0,42,0,28,2,1,2,342,27,63,1,0,731,1,8,4,4,1,53,1,-1.0429450740134143
120,100121,37,1,25,0,27,1,2,10,228,30,65,0,0,818,0,9,2,2,0,60,1,-1.1374123390978221
121,100122,35,0,2,1,31,2,0,0,202,10,76,1,0,806,0,6,5,4,1,54,1,-1.2385571150581207
122,100123,24,0,12,0,54,0,0,0,240,28,60,4,0,876,2,12,0,1,0,61,1,-1.1515445914998965
123,100124,25,1,29,0,4,0,0,4,198,14,73,1,1,882,2,7,6,5,0,63,1,-1.2964939716415382
124,100125,26,0,18,0,30,0,0,0,282,18,66,1,0,774,0,8,6,4,0,50,1,-0.9873812292812663
125,100126,29,0,8,0,31,3,0,1,189,13,71,2,0,819,1,7,5,3,1,45,1,-1.0032793954027708
126,100127,23,0,25,0,48,1,0,0,192,14,74,3,0,969,1,7,1,3,0,43,1,-1.0250885047210538
127,100128,17,0,13,0,18,1,1,1,321,13,62,1,0,681,0,8,3,2,1,49,1,-0.9886273877920059
128,100129,26,0,1,0,32,1,0,4,251,14,68,1,0,778,1,9,3,3,0,56,1,-0.9725380100822527
129,100130,26,0,16,0,17,1,0,19,273,25,69,2,0,873,0,13,3,1,1,60,1,-1.1224841466247377
130,100131,20,1,3,0,7,1,1,2,245,18,58,0,1,650,0,8,3,1,0,55,1,-1.1171709161032632
131,100132,25,0,2,0,24,3,1,1,253,28,67,2,0,736,1,11,1,1,1,40,1,-1.006192850973474
132,100133,27,0,9,0,5,1,0,0,161,19,74,1,0,937,1,7,1,1,1,65,1,-1.0157624781208838
133,100134,34,0,3,0,22,2,1,10,181,13,72,2,1,896,1,7,1,1,0,62,1,-1.0668637374558414
134,100135,32,0,11,0,4,2,0,3,224,19,71,0,0,812,0,7,3,3,0,57,1,-0.9761872777219571
135,100136,17,1,11,0,39,1,1,2,293,25,55,0,2,635,1,14,2,1,1,60,1,-1.2353340299844315
136,100137,22,0,26,0,29,2,0,0,258,25,65,1,0,647,1,11,3,3,1,52,1,-0.9951223264233487
137,100138,29,0,10,0,45,3,0,1,207,18,75,2,0,744,0,9,6,4,0,44,1,-1.0171357446078793
138,100139,24,2,7,0,14,0,0,3,290,35,60,0,2,858,0,8,3,1,0,72,-1,-1.5224025179700662
139,100140,37,0,0,0,20,0,1,1,316,29,62,3,0,804,0,9,3,3,0,65,1,-1.033155400436413
140,100141,36,0,8,0,12,1,3,17,239,23,69,0,0,789,1,9,1,1,0,58,1,-1.1196480371298048
141,100142,18,0,23,0,32,1,0,0,279,32,62,5,0,799,0,11,2,3,0,58,1,-1.1084485594163334
142,100143,25,0,15,0,6,1,1,5,389,34,44,1,0,479,0,18,0,0,0,67,1,-1.2542831165852275
143,100144,23,0,12,0,19,1,0,0,270,15,75,2,0,929,0,6,3,3,1,52,1,-0.9814484083140752
144,100145,35,0,14,0,39,2,1,4,231,16,69,4,0,828,1,8,4,5,0,33,1,-1.0658610908433044
145,100146,22,0,11,0,5,1,1,3,238,35,62,1,1,709,1,16,4,4,1,44,1,-1.1014039052280744
146,100147,33,0,35,0,17,2,2,2,181,17,76,2,0,946,0,5,2,2,0,47,1,-1.012637539597289
147,100148,18,0,5,0,6,0,2,0,234,26,63,3,0,838,0,11,0,0,0,54,1,-1.043104953442496
148,100149,20,0,18,0,38,1,1,0,311,23,59,0,0,682,0,7,2,2,0,47,1,-0.9822115432765341
149,100150,27,1,10,0,44,2,1,2,259,25,63,2,0,770,1,5,6,3,0,55,1,-1.112408938729606
150,100151,27,0,27,0,26,4,0,0,237,16,72,0,0,863,0,8,2,1,1,49,1,-1.0047302622374485
151,100152,26,0,0,0,10,2,0,6,252,20,64,0,1,721,1,10,4,2,0,51,1,-1.0028257751232523
152,100153,26,0,8,0,7,1,0,1,225,27,66,0,0,900,1,8,3,2,0,68,1,-0.9978042372071635
153,100154,37,0,5,0,4,2,0,1,221,19,66,0,0,824,0,7,4,4,0,54,1,-0.9897467858304507
154,100155,25,0,10,0,22,0,1,7,317,29,51,1,2,642,2,12,6,6,0,51,1,-1.2928204841400608
155,100156,26,0,8,0,45,0,1,18,289,18,67,1,0,763,1,8,2,1,0,41,1,-1.0890757050517543
156,100157,25,0,34,0,37,0,1,13,329,19,65,1,1,878,1,8,4,3,0,57,1,-1.1013633229830808
157,100158,25,0,34,0,48,1,0,0,267,27,58,1,0,755,2,10,5,4,0,38,1,-1.0709909326551588
158,100159,10,1,21,0,52,3,0,1,325,22,49,4,1,559,0,17,4,1,2,50,1,-1.442039734897513
159,100160,26,1,10,0,17,1,0,7,319,27,55,0,1,675,0,12,4,5,0,53,1,-1.1372146926367392
160,100161,27,0,18,0,18,0,1,8,247,21,67,0,1,761,0,9,5,3,0,53,1,-1.002212300454136
161,100162,31,0,5,0,55,2,2,13,239,17,67,2,0,756,0,7,2,2,0,49,1,-1.039428184691115
162,100163,23,0,7,0,27,0,1,10,332,35,57,1,0,679,1,13,3,2,0,52,1,-1.031669230518539
163,100164,15,0,19,0,45,2,1,0,275,20,69,1,0,798,0,8,3,2,0,43,1,-0.9778911161377175
164,100165,40,0,26,0,22,3,1,0,197,21,73,0,0,881,2,7,6,6,1,43,1,-1.1527538215015625
165,100166,16,0,36,0,47,0,1,6,281,20,58,0,0,813,1,9,1,1,0,57,1,-1.0433069662184424
166,100167,25,0,13,0,68,4,0,1,309,19,62,3,0,692,0,10,1,0,1,48,1,-1.092044183704223
167,100168,31,0,12,0,27,0,1,0,291,23,66,1,0,817,1,10,6,6,1,53,1,-1.036719336345768
168,100169,17,0,38,0,20,1,1,0,274,24,61,0,0,791,0,11,1,1,1,54,1,-1.012644448723265
169,100170,34,0,4,0,26,0,1,0,272,19,69,2,0,887,0,3,3,2,0,58,1,-0.9820742552788259
170,100171,19,0,32,0,67,3,0,0,197,21,69,0,1,859,0,8,4,2,0,40,1,-1.1002640069659946
171,100172,26,1,2,0,21,0,2,0,279,21,67,0,0,715,0,10,6,5,0,58,1,-1.1497927430473978
172,100173,26,0,7,1,6,1,1,3,345,24,66,0,0,654,0,8,5,4,1,41,1,-1.2217922506503398
173,100174,26,0,25,0,46,0,2,1,389,37,56,4,0,658,0,11,2,1,0,56,1,-1.1297689310464747
174,100175,30,0,3,0,13,2,1,12,235,21,66,0,1,834,0,7,3,2,1,58,1,-1.0299671379223412
175,100176,27,0,5,0,11,0,2,1,229,18,71,2,1,920,0,4,2,2,0,51,1,-1.0127049686105667
176,100177,29,0,13,0,3,2,1,5,228,21,69,0,0,682,0,11,4,4,1,59,1,-0.9996973677679313
177,100178,34,0,19,1,33,2,0,6,319,19,69,3,0,860,0,3,4,3,0,47,1,-1.2290680883884753
178,100179,27,0,12,0,30,0,1,0,314,31,58,1,1,799,0,13,1,1,0,50,1,-1.0230766574591692
179,100180,36,0,24,0,67,6,0,3,219,16,77,1,0,826,0,5,5,4,0,40,1,-1.1764716581143286
180,100181,24,0,6,0,10,2,2,0,227,23,65,2,1,663,1,10,2,0,0,57,1,-1.0289088004533309
181,100182,30,0,23,0,50,1,0,0,148,4,86,3,0,1157,0,3,5,4,1,47,1,-1.3118364674315066
182,100183,33,0,17,0,15,1,1,9,191,23,66,2,1,701,1,10,5,2,0,65,1,-1.0545949844049862
183,100184,35,0,37,0,36,5,1,0,190,15,79,0,0,914,1,5,1,1,2,38,1,-1.2043117842509006
184,100185,27,0,4,0,19,1,2,1,254,14,66,0,1,803,0,4,2,1,1,57,1,-1.0243793892553683
185,100186,24,0,13,0,90,2,0,0,265,19,58,5,1,754,0,7,1,1,1,45,1,-1.2619104334269984
186,100187,21,0,5,0,67,0,1,12,349,26,61,4,0,680,0,9,1,1,0,56,1,-1.1343312723018235
187,100188,25,0,20,0,9,3,0,2,278,23,61,1,0,716,0,10,1,1,1,44,1,-0.9960540924674802
188,100189,22,0,3,1,23,1,4,6,288,30,62,0,0,693,0,12,4,3,0,62,1,-1.2874595794933805
189,100190,19,0,1,0,30,1,0,1,173,19,74,1,0,1146,1,8,3,4,0,60,1,-1.1002632298541066
190,100191,25,0,3,0,24,0,2,4,335,23,56,2,0,724,0,8,1,1,0,48,1,-0.9994253468996317
191,100192,26,0,29,0,38,0,1,0,219,16,70,2,0,1006,0,6,0,2,0,49,1,-1.0001097166234558
192,100193,19,0,19,0,15,0,0,0,295,15,72,2,0,805,1,5,0,0,0,50,1,-1.0099563777603104
193,100194,21,0,40,0,41,1,2,1,318,28,53,1,0,694,0,15,1,2,0,48,1,-1.064996627820333
194,100195,41,0,1,0,20,1,0,10,229,19,75,0,1,918,0,6,6,6,0,52,1,-1.149668897138323
195,100196,32,0,14,0,5,0,0,4,207,14,72,0,0,958,0,6,3,2,0,53,1,-0.9856627815814212
196,100197,22,1,30,0,71,0,1,10,350,33,57,2,0,692,0,11,2,0,0,49,1,-1.2073716809966133
197,100198,23,0,7,0,25,1,1,6,295,25,65,1,1,846,1,8,1,3,2,54,1,-1.069894144296748
198,100199,13,0,26,0,8,3,1,7,293,24,59,2,1,839,0,13,0,0,1,50,1,-1.1150479457979434
199,100200,28,0,0,0,31,0,1,1,240,19,73,1,0,837,0,7,7,6,0,50,1,-1.0453481038837575
200,100201,33,0,25,0,18,2,0,3,216,14,69,1,0,762,0,10,2,2,2,40,1,-1.027444874963727
201,100202,29,0,11,0,6,0,1,4,292,15,68,1,0,834,1,4,1,1,0,54,1,-0.9824071990891582
202,100203,34,0,6,0,10,2,1,0,281,24,63,2,0,662,0,9,5,5,1,53,1,-1.0223243966881699
203,100204,23,0,11,0,17,1,0,10,172,14,73,1,0,983,0,7,3,2,0,52,1,-0.9956476888387821
204,100205,22,0,26,1,13,0,0,1,339,25,62,3,0,722,0,8,3,3,0,53,1,-1.2128590971882685
205,100206,22,1,1,0,23,1,0,5,248,24,66,0,0,827,1,7,2,1,0,53,1,-1.068437808254955
206,100207,37,0,28,0,23,0,1,8,290,26,68,1,0,846,0,9,1,0,0,51,1,-0.996946495828937
207,100208,27,0,22,0,71,1,0,2,231,16,70,1,0,788,1,9,3,3,0,47,1,-1.0040742064498083
208,100209,20,0,26,0,46,0,1,0,296,23,59,2,0,742,1,13,2,2,1,49,1,-1.011991117648521
209,100210,25,0,7,0,12,0,1,0,259,28,62,3,0,711,0,16,3,1,0,58,1,-1.0305366300860639
210,100211,24,0,9,0,24,1,3,8,272,16,67,1,0,747,0,8,0,1,0,65,1,-1.03038009942833
211,100212,28,0,11,0,13,0,2,1,283,15,63,1,0,810,0,9,2,3,0,47,1,-0.9706563430561916
212,100213,25,0,13,0,23,1,1,0,253,17,69,0,0,727,0,8,2,1,0,48,1,-0.9641502856384928
213,100214,25,0,7,0,20,0,2,0,286,25,63,0,2,735,1,8,2,2,0,56,1,-1.1078542005473295
214,100215,18,0,13,0,64,2,2,1,265,18,68,2,0,839,0,5,0,2,0,41,1,-1.0373156707213442
215,100216,26,0,0,0,16,0,0,3,223,20,67,1,0,862,0,10,3,3,0,53,1,-0.9704028443624444
216,100217,28,0,11,0,8,2,2,18,370,36,54,0,1,607,1,11,2,2,1,59,1,-1.1791251515509085
217,100218,35,0,7,0,9,2,1,2,350,28,60,1,0,728,0,11,0,0,0,48,1,-1.0137889445580937
218,100219,47,1,28,0,18,2,0,7,227,21,71,1,0,778,0,7,4,3,0,54,1,-1.1407987917340285
219,100220,22,0,21,0,12,2,1,4,225,23,64,0,0,760,0,13,3,2,0,52,1,-0.9752488928737031
220,100221,23,0,5,0,48,1,1,10,303,20,65,1,1,852,1,8,4,3,0,43,1,-1.0385898864988563
221,100222,31,0,18,0,13,3,1,0,184,18,68,1,0,762,0,5,4,6,0,41,1,-1.0170189037471653
222,100223,35,0,24,0,24,1,1,0,268,15,74,0,0,858,0,6,4,4,0,43,1,-0.990342420748722
223,100224,29,0,13,0,7,2,1,0,265,17,72,2,0,699,1,9,3,3,2,42,1,-1.0296518117420215
224,100225,22,0,17,0,30,2,1,8,243,14,71,2,0,880,0,8,1,1,1,50,1,-0.9876573012571199
225,100226,25,0,5,0,14,1,1,9,264,24,66,1,0,745,0,8,4,2,1,68,1,-0.996842096588878
226,100227,34,0,11,0,17,2,1,5,244,16,73,0,0,770,0,5,3,3,0,50,1,-0.9751702843173712
227,100228,23,0,17,0,35,3,1,5,305,21,65,1,1,612,0,11,3,1,3,51,1,-1.1848757807143422
228,100229,31,0,9,0,70,0,0,8,298,22,68,4,0,813,0,6,5,4,0,49,1,-1.1172928332383159
229,100230,27,0,5,0,10,2,2,11,220,18,67,1,0,702,1,5,3,2,0,48,1,-1.000162952795823
230,100231,40,0,27,0,17,1,0,1,194,25,73,0,0,838,0,9,4,3,1,42,1,-1.0100076114618493
231,100232,26,0,36,0,51,2,1,0,271,26,65,3,0,728,2,9,2,2,0,40,1,-1.041838215498891
232,100233,24,0,0,0,8,0,2,7,343,35,50,0,2,676,2,11,3,4,0,74,1,-1.3289103617659086
233,100234,10,0,18,0,32,1,2,0,353,38,51,0,0,665,1,14,2,1,1,68,1,-1.1746582784586321
234,100235,21,0,0,0,0,1,2,10,268,26,61,0,0,646,1,13,1,0,0,67,1,-1.0694304130416932
235,100236,23,0,22,0,45,2,1,1,224,18,65,1,0,729,0,12,2,1,1,40,1,-0.9927891294921134
236,100237,27,0,12,0,3,1,3,10,255,17,68,0,0,846,0,7,1,1,0,59,1,-1.0243538471556328
237,100238,26,0,19,0,53,2,0,0,281,25,71,0,0,863,0,4,2,1,0,47,1,-0.9861025957692099
238,100239,18,0,7,0,16,2,2,0,197,14,66,1,1,760,1,8,5,3,0,35,1,-1.0867435483894474
239,100240,19,0,24,0,20,2,2,2,200,15,67,1,0,972,0,7,1,1,1,51,1,-1.0011575678508404
240,100241,31,1,38,0,24,0,0,4,263,26,72,1,0,958,0,4,2,1,0,60,1,-1.1658302829179732
241,100242,44,0,37,0,8,0,3,0,244,17,67,0,1,825,0,6,3,3,0,53,1,-1.190068226698648
242,100243,39,0,0,0,4,0,1,10,337,24,57,1,0,723,0,9,3,2,0,70,1,-1.0711432395337535
243,100244,20,0,13,0,10,1,2,3,259,26,62,2,1,761,1,12,2,2,0,56,1,-1.0122281675245646
244,100245,14,0,26,0,33,3,0,4,336,22,59,3,0,740,1,11,1,1,2,44,1,-1.1112509716447643
245,100246,32,0,6,0,24,3,0,1,282,26,64,2,0,689,0,10,6,2,0,44,1,-1.012712475131579
246,100247,31,0,8,0,10,1,1,0,301,24,65,0,0,696,1,8,2,0,1,50,1,-0.987483965529432
247,100248,16,1,21,0,21,0,2,6,325,29,57,1,1,688,1,12,1,0,0,49,1,-1.1215039442620984
248,100249,30,0,8,0,10,4,0,9,212,22,74,0,0,831,0,6,2,0,0,50,1,-1.0234162206215938
249,100250,43,0,7,1,5,1,0,8,320,27,66,0,0,883,0,7,2,2,0,63,1,-1.2681358238141285
250,100251,22,0,51,0,34,5,0,1,185,15,72,1,0,810,0,9,2,1,0,33,1,-1.1401165782394098
251,100252,27,1,8,0,21,0,0,3,248,22,65,2,1,763,0,10,4,1,0,59,1,-1.0986452218458918
252,100253,24,0,0,1,9,0,0,7,290,21,66,0,0,822,1,7,3,2,0,74,1,-1.229868030341045
253,100254,23,0,30,0,40,1,1,2,306,27,61,1,0,774,0,9,2,1,0,41,1,-0.9902048523189243
254,100255,31,0,21,0,18,1,1,4,295,27,61,1,0,721,0,8,2,2,0,49,1,-0.9713993066710882
255,100256,26,0,16,0,18,1,1,2,253,21,68,0,0,730,1,10,5,4,1,43,1,-0.9929421226862964
256,100257,24,0,9,0,9,2,1,4,288,22,64,0,0,566,0,12,3,3,2,56,1,-1.0541447402483883
257,100258,25,1,9,0,23,2,0,2,256,14,73,4,0,860,0,3,2,1,0,38,1,-1.181564952155676
258,100259,30,0,21,0,18,4,1,0,295,28,61,2,0,827,1,10,2,2,0,44,1,-1.010240174699758
259,100260,38,0,16,0,58,2,0,3,260,30,68,6,0,852,0,10,3,3,0,45,1,-1.2062472756482432
260,100261,31,0,19,0,27,1,1,1,205,17,72,3,0,807,1,9,1,1,1,49,1,-0.990356611671617
261,100262,32,0,9,0,24,2,0,0,263,28,65,0,1,684,0,8,4,4,1,37,1,-1.0441487241669016
262,100263,31,0,19,0,90,1,1,0,231,17,67,1,0,797,0,10,4,4,0,38,1,-1.0889857760518031
263,100264,28,0,12,0,16,0,1,11,183,19,72,1,0,984,1,5,3,2,0,66,1,-1.0181013268198387
264,100265,29,0,27,0,12,2,0,3,246,19,67,1,0,783,0,7,5,4,0,45,1,-0.980686392707299
265,100266,19,0,9,0,32,1,0,4,362,39,49,3,1,686,0,14,0,0,0,59,1,-1.1684999830362646
266,100267,25,0,9,0,22,2,0,0,302,26,63,0,0,783,1,9,1,0,0,51,1,-0.9850150666051477
267,100268,29,0,3,0,11,1,2,3,242,19,70,1,0,787,0,4,2,2,0,59,1,-0.9781431660352918
268,100269,20,0,17,0,31,3,0,2,181,21,68,2,0,791,2,10,1,1,1,50,1,-1.0307453365949133
269,100270,39,0,35,0,47,3,0,0,223,21,72,1,0,752,0,6,2,2,0,40,1,-1.0186496027690473
270,100271,28,0,22,0,14,2,1,0,199,12,80,1,0,880,0,4,3,2,1,58,1,-1.001714965536635
271,100272,22,0,7,0,16,0,0,0,337,30,60,1,0,681,1,9,0,0,0,63,1,-1.0274017782207059
272,100273,28,0,20,0,33,3,0,7,267,18,67,3,0,819,0,2,1,1,0,53,1,-1.0168208215032037
273,100274,26,0,9,0,34,0,0,2,189,10,76,1,0,993,0,4,1,0,0,57,1,-1.0283354526035116
274,100275,26,0,14,1,40,1,1,6,282,29,61,4,1,765,0,11,6,4,0,47,1,-1.2657497174638688
275,100276,18,0,5,1,12,0,0,5,321,30,56,3,0,735,0,14,3,2,0,60,1,-1.2210171554151263
276,100277,25,1,13,0,13,1,3,0,260,17,65,1,0,764,1,8,4,4,1,53,1,-1.1343865395087134
277,100278,24,0,29,0,41,1,0,2,264,20,68,1,0,805,1,5,3,3,0,41,1,-0.9805587726514821
278,100279,28,1,16,0,17,1,0,10,248,21,65,1,0,775,0,10,4,3,0,50,1,-1.0666431259197084
279,100280,22,0,2,0,2,0,2,2,239,25,70,1,0,901,0,8,4,2,0,74,1,-1.0382626401652792
280,100281,15,0,36,0,74,0,0,15,319,26,66,1,1,867,1,10,3,3,0,44,1,-1.2300857294453367
281,100282,26,0,1,0,16,2,1,1,181,21,64,0,1,724,1,10,2,1,0,57,1,-1.012275265378125
282,100283,26,0,26,0,35,2,0,0,285,26,68,1,0,782,0,7,3,2,0,42,1,-0.9758235729383167
283,100284,23,1,2,0,8,2,2,1,222,21,67,0,0,631,0,12,5,3,1,44,1,-1.1365108026874355
284,100285,30,0,26,0,32,1,0,5,188,20,71,3,0,858,0,5,2,2,0,36,1,-0.9966774041730114
285,100286,32,0,0,0,26,0,3,9,241,16,68,0,1,766,0,6,3,2,0,71,1,-1.0988459946095377
286,100287,15,0,19,0,51,1,1,1,230,14,65,1,0,944,0,6,3,1,1,48,1,-1.0065528387551366
287,100288,40,1,7,0,19,1,1,3,287,23,67,1,0,780,0,10,5,3,0,65,1,-1.1002657575113926
288,100289,24,0,5,0,40,1,0,5,321,29,61,3,0,750,0,13,2,1,0,54,1,-1.0090003800833998
289,100290,23,0,32,1,27,1,0,7,233,19,67,2,0,786,0,11,3,3,0,47,1,-1.194692768832565
290,100291,36,0,8,0,21,0,1,1,178,19,79,3,0,909,0,2,5,4,0,41,1,-1.0689210530283557
291,100292,28,0,36,0,49,2,0,2,281,15,67,3,0,818,2,8,1,2,0,44,1,-1.047233946162072
292,100293,26,0,24,0,15,0,0,0,246,16,72,1,0,998,0,6,1,1,1,45,1,-0.9970144189148407
293,100294,35,0,12,0,1,2,0,1,200,22,67,1,1,800,0,8,4,3,1,55,1,-1.0142787436537792
294,100295,34,0,23,0,78,2,0,6,298,21,61,1,1,811,1,6,7,6,0,50,1,-1.2154347088236432
295,100296,28,0,1,0,13,1,0,3,242,19,68,1,0,860,1,6,2,2,1,58,1,-0.9752959986663363
296,100297,19,0,27,0,41,2,1,15,298,26,55,1,0,689,0,13,3,1,2,51,1,-1.137192877694377
297,100298,31,0,10,0,25,0,1,1,298,24,65,2,0,725,1,8,2,2,0,44,1,-0.9760580969613667
298,100299,17,0,2,0,29,0,0,17,395,27,57,0,0,645,0,5,4,2,0,61,1,-1.1976444446512842
299,100300,34,0,29,0,52,4,1,1,270,16,72,4,0,945,0,7,1,1,0,35,1,-1.09515178617446
300,100301,24,0,41,0,24,1,0,15,240,21,71,3,0,868,0,4,3,3,0,40,1,-1.1257522046987816
301,100302,20,0,2,0,2,0,0,0,185,7,78,0,0,956,2,3,0,0,0,61,1,-1.25973281921229
302,100303,16,0,27,0,17,1,0,1,201,20,61,0,0,654,1,12,3,0,1,40,1,-1.0458064598529382
303,100304,32,0,2,1,4,0,0,1,274,23,61,1,0,688,0,6,5,4,0,63,1,-1.2204759231896405
304,100305,34,0,19,0,17,2,0,9,319,24,57,0,1,791,0,12,1,0,0,44,1,-1.0637736271866833
305,100306,20,0,10,0,30,1,1,15,315,26,59,2,1,735,0,7,1,2,1,54,1,-1.0641868570657864
306,100307,26,0,17,0,72,2,0,1,380,25,57,1,0,685,0,10,2,2,0,47,1,-1.04949452883569
307,100308,31,0,8,0,45,0,0,3,317,23,61,2,0,665,0,11,2,1,0,47,1,-0.9946735713068555
308,100309,31,1,11,0,6,1,3,4,219,19,66,0,1,741,1,7,5,2,0,59,1,-1.1613611359798746
309,100310,28,0,10,0,22,3,1,7,222,16,70,0,0,641,0,10,6,4,1,38,1,-1.043747620100785
310,100311,31,0,50,0,17,2,0,0,241,17,73,1,0,806,2,8,6,5,1,35,1,-1.1830038307294943
311,100312,22,1,15,0,11,1,0,3,254,23,64,0,0,665,0,12,4,3,1,45,1,-1.0779820380682008
312,100313,23,0,19,0,30,0,1,4,318,25,61,2,0,777,0,11,5,1,0,42,1,-0.9907485720972476
313,100314,20,1,13,0,16,0,0,0,214,23,65,1,0,834,1,10,3,2,0,63,1,-1.0805270137014669
314,100315,25,0,15,0,9,0,1,5,301,25,61,3,2,770,0,7,4,4,0,59,1,-1.1452980260934846
315,100316,29,0,31,0,9,0,1,0,323,30,59,1,0,639,0,12,4,3,1,40,1,-1.0343859987673545
316,100317,25,0,11,0,13,0,2,5,260,22,66,4,0,837,0,8,1,2,0,51,1,-1.005511275390507
317,100318,18,0,4,0,28,1,1,0,279,24,64,2,0,774,2,11,3,3,0,56,1,-1.0115254217770495
318,100319,33,0,3,1,37,0,0,15,245,28,62,2,1,655,0,14,5,4,0,61,1,-1.3064895467991793
319,100320,34,1,14,0,37,0,2,6,270,22,60,1,0,763,0,12,6,6,1,56,1,-1.1853579365527611
320,100321,16,0,1,0,45,0,1,5,364,24,57,1,1,709,0,11,2,1,0,48,1,-1.0491831163106367
321,100322,18,0,20,0,48,2,0,7,247,20,66,0,0,783,0,9,2,0,0,35,1,-1.0035861278859108
322,100323,27,0,17,0,10,0,0,1,261,23,67,0,0,767,1,10,4,3,0,50,1,-0.9765798790286581
323,100324,28,0,8,0,19,0,1,1,194,15,77,1,0,994,1,5,1,0,0,55,1,-1.0037614686559666
324,100325,31,0,3,0,7,0,0,0,209,24,70,0,0,897,1,9,0,0,0,56,1,-1.010005614660055
325,100326,40,0,33,0,51,2,0,2,225,19,73,1,0,859,0,7,5,5,0,37,1,-1.049318891439169
326,100327,25,0,6,0,15,1,1,7,333,28,60,1,1,724,1,9,3,3,0,64,1,-1.0205207095110216
327,100328,34,0,14,0,38,1,0,2,334,32,61,1,0,674,2,11,3,1,0,48,1,-1.0330175008549551
328,100329,32,0,4,0,20,3,0,7,210,14,76,0,0,712,0,6,2,2,0,40,1,-1.0029751614321587
329,100330,22,0,6,0,26,0,2,7,333,28,55,1,0,586,1,12,2,0,0,45,1,-1.0328001349441662
330,100331,21,1,10,0,10,1,0,9,244,22,69,1,0,707,0,8,6,4,1,60,1,-1.12529299320625
331,100332,50,0,32,0,23,0,0,6,272,15,69,3,0,989,0,7,2,3,1,51,1,-1.1873989489352093
332,100333,30,0,7,0,61,2,2,2,248,20,70,0,0,737,1,10,3,3,1,47,1,-1.0151986229746033
333,100334,22,0,16,0,31,0,1,8,360,29,50,1,0,543,0,14,6,3,0,61,1,-1.1166009682292413
334,100335,23,0,37,0,28,0,1,0,228,16,68,1,0,896,0,10,2,1,1,56,1,-0.9998447101627952
335,100336,34,1,16,0,28,3,1,14,254,18,59,1,0,691,0,13,2,0,1,59,1,-1.1695392708669188
336,100337,34,0,9,0,11,2,1,7,215,22,67,0,0,603,0,11,4,3,1,46,1,-1.0072870832514533
337,100338,21,0,26,0,70,2,1,1,170,12,72,2,0,806,2,7,3,2,1,53,1,-1.1072161464786987
338,100339,34,0,2,0,21,0,2,11,295,31,61,0,0,688,0,13,1,2,0,47,1,-1.0491978142825125
339,100340,24,0,7,0,13,0,1,0,305,19,64,0,0,661,0,10,4,3,0,51,1,-0.9804361528151585
340,100341,34,0,22,0,9,3,0,4,156,9,83,1,0,929,0,3,1,1,2,43,1,-1.1746332552165522
341,100342,34,0,32,0,50,4,1,0,178,9,76,0,0,858,1,6,0,0,1,37,1,-1.135392620203326
342,100343,23,0,10,0,16,1,1,0,258,23,67,0,0,579,0,11,3,1,0,44,1,-0.9800855843926946
343,100344,24,0,18,0,22,2,0,0,207,13,75,1,0,863,1,7,2,2,0,59,1,-0.9818697671596518
344,100345,28,0,23,0,11,2,0,0,211,18,75,1,0,976,0,4,1,0,0,36,1,-1.0096302019378902
345,100346,26,0,4,0,15,1,0,3,210,17,78,1,0,1009,0,7,4,3,0,56,1,-0.988555312914237
346,100347,25,0,9,1,20,1,0,1,307,29,65,2,0,815,0,10,2,2,0,58,1,-1.164179720014816
347,100348,26,0,5,0,19,1,0,6,319,30,65,2,0,890,2,11,3,2,1,52,1,-1.037457825512212
348,100349,23,0,29,0,37,2,1,0,171,20,71,1,0,836,0,8,3,4,1,55,1,-0.9853899837220905
349,100350,13,0,0,0,7,0,2,1,268,25,54,0,0,584,0,15,0,0,1,60,1,-1.1422534725282565
350,100351,24,0,14,0,40,0,0,11,277,28,62,2,0,916,0,11,1,0,0,55,1,-1.0215338065285327
351,100352,25,0,33,0,23,0,1,2,225,18,71,1,0,1040,0,6,0,0,0,53,1,-1.0170961932389602
352,100353,31,0,25,0,59,0,1,3,200,19,69,2,0,871,0,10,5,2,0,44,1,-1.0097681184292893
353,100354,30,0,21,0,48,1,0,5,235,19,70,1,0,924,0,9,6,5,1,38,1,-1.036831731466232
354,100355,35,0,19,1,8,0,0,0,184,17,74,1,0,928,0,8,4,4,0,48,1,-1.203947285437763
355,100356,38,0,13,0,21,1,2,4,270,20,70,1,0,752,0,5,3,3,0,55,1,-0.9822069169455837
356,100357,37,0,8,0,10,0,1,0,265,19,62,2,0,763,0,7,4,3,1,56,1,-0.9899384475830292
357,100358,30,0,6,0,9,0,2,1,296,31,66,3,0,861,0,10,1,1,0,66,1,-1.0434840249082389
358,100359,20,0,30,0,37,1,1,2,240,12,70,1,0,749,1,7,1,1,1,43,1,-0.9961624688366305
359,100360,30,0,2,0,10,0,0,0,304,22,69,1,0,714,0,4,3,2,0,54,1,-0.9739807462258993
360,100361,34,0,6,0,13,1,1,2,279,24,63,0,0,930,2,7,2,2,0,60,1,-1.0222663997367207
361,100362,36,0,2,0,63,3,0,0,142,15,81,1,0,934,0,0,4,4,0,36,1,-1.1878220153629733
362,100363,28,0,14,0,26,1,1,0,320,17,68,2,0,856,0,5,2,3,0,57,1,-0.9705111007760419
363,100364,27,0,6,0,15,1,1,3,289,30,66,0,0,697,1,7,5,4,0,51,1,-0.9968775483370109
364,100365,24,0,40,0,35,1,0,0,216,19,66,1,0,929,0,9,3,1,0,39,1,-0.9999639438617677
365,100366,36,0,7,0,29,0,1,0,238,17,69,1,0,730,2,6,1,3,0,57,1,-1.021146906195657
366,100367,32,0,15,0,17,2,1,4,221,19,66,0,0,753,1,8,1,1,0,43,1,-0.9765496728709183
367,100368,26,0,11,0,24,1,3,4,270,20,58,0,0,739,0,5,1,1,0,55,1,-1.0090486746922813
368,100369,32,0,18,0,14,1,2,0,220,21,71,0,1,909,1,7,0,0,0,67,1,-1.0638437445475193
369,100370,34,0,44,0,66,2,1,0,294,30,61,2,0,828,0,9,1,2,0,33,1,-1.0874996600877065
370,100371,29,0,4,0,16,1,1,5,307,28,58,0,0,666,1,10,1,2,0,54,1,-0.9957977229033705
371,100372,24,0,6,0,23,0,0,0,306,26,63,1,1,783,0,11,3,3,1,51,1,-1.0068754952538306
372,100373,33,0,12,0,27,1,0,4,275,20,70,2,1,805,2,5,4,3,1,42,1,-1.0550013234857485
373,100374,26,0,9,1,43,2,2,5,206,21,71,2,0,749,1,6,10,9,0,44,-1,-1.5178508743744077
374,100375,25,0,21,0,19,4,0,8,240,17,68,1,0,750,1,7,4,3,1,48,1,-1.006201314007601
375,100376,37,0,26,0,24,3,0,11,273,28,66,2,1,771,2,14,2,3,1,49,1,-1.1489870394098327
376,100377,30,0,9,2,6,0,0,2,305,28,50,1,1,601,0,19,3,3,0,49,-1,-1.7448811619840483
377,100378,42,0,7,0,25,2,1,9,238,26,65,0,0,753,0,10,3,1,0,59,1,-1.0117635698634588
378,100379,22,0,4,0,16,2,1,11,207,26,67,2,1,848,0,5,0,0,0,62,1,-1.0685081844783797
379,100380,29,0,22,0,42,1,0,25,333,13,68,1,0,774,0,7,1,3,0,46,1,-1.2898943365306055
380,100381,20,0,3,0,30,1,2,8,260,21,70,1,0,899,0,7,5,3,0,50,1,-0.9899206957644069
381,100382,29,0,12,0,6,1,1,20,200,13,74,0,0,942,0,2,3,3,0,56,1,-1.1735899658887223
382,100383,32,0,0,0,3,1,2,8,191,15,68,1,0,738,0,5,4,3,0,58,1,-1.0035041793439652
383,100384,13,0,17,0,14,1,0,5,339,23,57,3,2,673,0,10,3,0,0,62,1,-1.2030718865226508
384,100385,33,0,25,0,20,4,0,0,192,23,66,0,0,750,0,8,2,2,0,43,1,-1.0023844159145332
385,100386,22,0,31,0,6,2,1,4,186,16,69,3,1,921,0,10,1,1,0,61,1,-1.085985245171549
386,100387,32,0,11,0,22,2,0,6,180,13,72,1,0,842,1,7,4,3,0,42,1,-0.9850857389310222
387,100388,20,0,7,0,16,1,1,4,171,21,68,0,0,894,0,9,2,1,0,59,1,-0.9799107029285001
388,100389,23,0,36,0,23,3,1,3,290,22,60,1,0,753,0,12,1,1,0,49,1,-0.9976962716288087
389,100390,18,0,24,0,44,2,3,3,304,12,65,2,0,715,1,10,1,0,2,35,1,-1.1789411505833554
390,100391,28,0,0,0,9,0,1,6,351,27,53,0,1,648,0,7,4,3,0,68,1,-1.0819220344313594
391,100392,19,1,6,0,16,1,0,1,309,33,54,0,0,697,0,15,1,0,2,61,1,-1.241764369372929
392,100393,27,0,8,0,9,2,0,5,239,21,68,2,0,892,0,9,2,1,0,61,1,-0.9802945043285528
393,100394,23,0,46,0,17,1,2,0,247,16,63,3,0,839,0,9,1,1,0,37,1,-1.060414023198476
394,100395,23,0,3,0,31,1,0,5,254,25,72,3,0,808,0,9,1,2,0,54,1,-0.9807124324005994
395,100396,28,0,2,1,3,0,3,13,353,29,56,0,0,634,2,13,5,4,0,72,1,-1.3877456581712868
396,100397,27,0,8,0,34,0,1,0,301,16,64,1,0,824,2,12,1,1,1,45,1,-1.0354352306001309
397,100398,33,1,2,0,2,3,2,4,205,20,71,0,0,815,0,5,3,1,1,55,1,-1.1315469916985124
398,100399,26,0,13,0,37,0,0,1,187,18,69,1,0,951,1,10,2,2,0,45,1,-0.9801203873592635
399,100400,33,0,4,0,3,2,1,1,244,18,74,0,0,876,0,7,4,4,0,48,1,-0.9850789819538576
400,100401,27,0,25,0,12,4,2,1,311,19,66,0,0,619,0,7,1,1,2,38,1,-1.1233270803041038
401,100402,30,0,2,0,18,3,0,1,227,16,72,1,0,804,0,6,4,4,0,58,1,-0.9903688923997414
402,100403,22,0,18,0,29,1,2,0,365,31,52,0,0,590,2,16,2,0,1,53,1,-1.1358037606363378
403,100404,42,0,20,0,12,5,0,1,167,17,77,1,0,863,0,5,4,4,0,44,1,-1.0890723209890458
404,100405,25,0,27,0,45,2,0,0,269,15,69,0,0,785,1,6,2,3,0,39,1,-0.9882453827084146
405,100406,28,2,2,0,14,0,1,9,309,25,60,1,0,712,2,10,6,2,0,64,1,-1.3992976354492048
406,100407,23,0,10,0,18,1,1,7,220,17,73,1,0,810,0,7,3,4,1,51,1,-0.9760062634171076
407,100408,24,0,1,0,26,3,1,0,251,25,64,0,0,565,1,12,3,3,1,34,1,-1.0514945624294667
408,100409,14,0,9,0,35,0,2,10,295,19,62,1,0,759,0,10,1,1,0,52,1,-1.0089709587807363
409,100410,30,0,13,1,25,2,1,0,144,15,71,1,0,752,0,11,4,4,0,37,1,-1.23311899433747
410,100411,31,0,9,0,20,1,1,10,288,22,65,1,0,805,0,7,3,4,0,53,1,-0.9784144398256067
411,100412,24,0,15,0,47,2,1,7,267,29,67,2,1,792,0,7,4,2,0,55,1,-1.0150658858114965
412,100413,26,0,18,0,20,0,0,0,205,24,74,0,0,798,1,9,1,2,0,55,1,-0.9750282513101265
413,100414,50,0,10,2,17,8,1,7,254,30,76,2,0,697,0,6,7,4,0,50,-1,-2.0378925679358137
414,100415,21,0,12,0,40,2,0,6,242,21,66,1,0,776,0,12,1,1,1,54,1,-0.9824290211483924
415,100416,24,0,5,0,0,1,2,15,204,20,74,0,1,848,0,10,0,0,1,76,1,-1.232144522369917
416,100417,44,0,27,0,43,0,0,7,318,25,66,1,0,813,1,10,1,1,0,62,1,-1.0861062224901392
417,100418,24,0,6,0,31,2,1,0,185,21,65,1,0,669,0,11,2,1,1,52,1,-0.9826445280482161
418,100419,24,0,3,1,11,0,2,4,288,17,65,0,0,733,1,11,2,2,0,63,1,-1.2011036220965339
419,100420,30,0,19,0,16,2,1,3,277,15,78,1,0,957,1,3,4,2,0,48,1,-0.9903708821767202
420,100421,27,1,4,0,10,0,0,4,272,30,54,0,0,636,0,11,2,0,0,51,1,-1.1154498657218805
421,100422,23,0,17,0,31,0,0,0,245,14,76,3,0,946,2,5,1,1,0,52,1,-1.064338951550756
422,100423,22,0,19,0,14,0,1,0,306,21,65,1,0,840,0,10,1,1,0,49,1,-0.978498410940887
423,100424,20,1,16,0,28,2,2,0,239,23,66,1,1,831,0,6,5,4,1,46,1,-1.1552386796728122
424,100425,24,0,16,0,40,2,1,1,216,17,70,0,0,776,0,6,0,0,1,45,1,-0.9923593581323545
425,100426,18,1,3,0,16,3,1,7,347,33,53,1,0,603,0,13,5,4,1,58,1,-1.194565447146561
426,100427,38,0,25,0,29,0,0,4,365,27,57,0,1,798,2,11,1,1,0,49,1,-1.1223486697302052
427,100428,31,0,8,0,12,3,2,8,296,20,68,2,0,830,0,5,3,3,1,42,1,-1.0095470606618813
428,100429,25,0,10,0,23,1,2,2,343,23,57,1,1,686,0,10,2,1,0,53,1,-1.0096553573676164
429,100430,23,0,18,0,21,2,2,9,261,20,64,1,0,792,0,6,0,0,0,40,1,-0.9984281842172826
430,100431,39,0,23,0,65,2,0,1,285,25,63,2,0,695,0,11,1,1,0,44,1,-1.0370875161413844
431,100432,27,1,12,0,45,0,0,0,178,17,75,4,0,913,1,5,6,6,0,44,1,-1.2661012479504423
432,100433,27,0,46,0,38,4,0,5,243,13,73,3,0,901,1,6,5,5,0,44,1,-1.133275407477084
433,100434,32,0,8,0,14,1,0,3,234,26,65,1,0,753,0,8,5,5,0,50,1,-0.9937606581478269
434,100435,50,0,37,0,27,0,0,0,225,14,69,0,0,753,1,6,3,2,0,46,1,-1.1260389075990285
435,100436,41,0,5,1,8,2,1,3,209,15,74,0,0,826,0,5,1,1,1,51,1,-1.229002509679534
436,100437,21,0,9,0,12,0,2,4,271,17,70,0,0,882,0,5,2,2,0,54,1,-0.9792907981141006
437,100438,21,0,10,0,15,4,1,7,340,32,60,2,0,616,3,8,1,0,0,65,1,-1.2490465250341394
438,100439,22,0,14,0,10,1,1,7,242,21,64,0,0,731,0,8,3,3,1,46,1,-0.9777106413298752
439,100440,37,0,14,0,6,2,0,0,226,13,76,2,0,812,1,5,3,2,1,55,1,-1.0010023860284134
440,100441,41,0,11,0,9,0,0,0,205,16,76,0,0,1094,0,0,7,6,0,61,1,-1.2934315696553296
441,100442,22,0,26,0,22,2,3,6,176,8,74,3,0,914,0,6,2,2,1,58,1,-1.1211256257507538
442,100443,26,0,14,0,34,2,0,25,260,15,65,2,0,788,1,10,3,3,0,45,1,-1.229028024504047
443,100444,15,0,16,0,7,1,3,11,270,15,61,1,0,783,0,8,1,1,1,52,1,-1.0647632959812112
444,100445,23,0,18,0,12,2,1,7,228,23,66,0,0,765,0,10,1,1,1,53,1,-0.982112849128224
445,100446,34,0,2,0,11,1,0,1,232,21,73,1,0,811,0,9,5,3,0,69,1,-0.9962326002082394
446,100447,28,0,15,1,9,1,1,0,186,20,64,0,0,790,1,9,3,3,0,43,1,-1.1911501559193338
447,100448,34,0,27,0,62,3,0,0,228,24,73,3,0,840,0,8,1,2,1,40,1,-1.0366845901693316
448,100449,36,0,0,0,15,1,0,7,209,17,75,0,1,840,0,5,2,2,0,49,1,-1.0167180819740247
449,100450,30,0,19,0,44,1,1,5,245,24,68,2,0,707,1,7,1,1,0,46,1,-0.9798389292296807
450,100451,28,0,9,0,35,3,2,0,295,21,65,4,0,569,0,12,4,4,1,39,1,-1.1279028565564038
451,100452,29,1,9,0,8,0,3,9,244,29,64,2,1,679,0,12,7,4,0,61,1,-1.2333581505883888
452,100453,28,0,13,1,24,2,1,0,246,21,66,1,0,687,0,9,5,5,1,49,1,-1.1686627124173397
453,100454,35,0,9,0,6,1,2,1,292,23,59,0,0,574,1,9,2,0,1,65,1,-1.0571489766187838
454,100455,23,0,27,0,13,0,0,0,266,23,60,1,0,775,0,10,2,1,0,49,1,-0.9772001231142861
455,100456,15,0,7,0,8,1,2,14,271,24,59,0,0,749,0,7,3,3,0,53,1,-1.044407336505089
456,100457,36,1,7,0,8,2,1,0,225,25,59,0,0,720,1,10,3,1,0,62,1,-1.1068823819709053
457,100458,27,0,19,0,27,2,1,0,184,20,73,0,0,792,2,12,1,1,1,42,1,-1.0366004508722497
458,100459,30,0,8,0,24,0,0,0,263,33,65,2,1,844,0,10,3,2,0,55,1,-1.0191967624941427
459,100460,20,0,24,0,29,0,1,0,251,26,70,1,0,752,0,14,1,1,0,56,1,-0.9904729518462818
460,100461,12,0,16,1,25,0,0,0,306,28,60,1,0,739,0,13,2,2,0,63,1,-1.2167842353767586
461,100462,17,0,32,0,61,0,0,5,190,20,68,1,0,947,1,7,0,1,0,43,1,-1.0687761984314001
462,100463,27,0,15,0,32,4,0,5,216,14,68,1,1,753,0,4,1,0,1,42,1,-1.0711213459200386
463,100464,25,1,3,0,11,2,0,10,155,25,61,2,0,703,0,10,4,2,1,62,1,-1.1595036065428697
464,100465,26,0,26,0,44,0,0,14,288,18,68,1,0,726,1,11,3,3,1,38,1,-1.065321069620892
465,100466,33,0,18,0,23,2,0,3,227,18,70,0,0,839,0,9,3,3,0,54,1,-0.9684667294482295
466,100467,30,1,10,0,20,2,0,18,254,23,68,1,0,953,0,6,1,0,1,59,1,-1.2243004627092318
467,100468,19,0,0,0,7,1,2,5,334,29,55,1,1,679,0,14,3,3,0,52,1,-1.0585917096654691
468,100469,32,0,27,0,27,1,1,2,302,25,63,2,0,602,1,10,3,2,1,52,1,-0.9994318135560911
469,100470,33,0,19,0,7,1,0,10,248,20,72,2,0,825,1,6,3,2,0,58,1,-0.9839744909659586
470,100471,42,0,8,0,57,1,1,0,281,21,64,1,0,740,0,5,4,4,0,31,1,-1.0643615851591786
471,100472,21,1,6,0,21,0,0,1,239,21,68,1,0,831,1,9,3,1,1,59,1,-1.084148092858078
472,100473,22,0,13,0,30,4,1,0,258,21,62,1,0,675,0,10,1,0,1,37,1,-1.0226838966561491
473,100474,27,0,8,0,3,1,0,5,216,18,66,1,1,736,4,11,2,2,0,59,1,-1.2999561698675715
474,100475,32,0,18,0,33,3,0,0,288,24,63,0,0,786,0,9,0,0,2,44,1,-1.070957261858991
475,100476,30,0,32,0,17,0,0,6,291,33,57,1,1,774,0,11,1,0,0,57,1,-1.0646167951577248
476,100477,26,0,24,0,19,3,2,3,259,25,64,1,0,770,1,8,0,0,0,46,1,-0.9939569960301026
477,100478,28,0,18,0,14,2,2,4,257,18,65,0,0,723,0,5,0,0,0,50,1,-0.9897651154286435
478,100479,43,0,4,0,5,0,1,9,290,27,65,1,0,832,0,8,4,4,1,55,1,-1.065971945541934
479,100480,29,0,31,0,17,1,0,3,215,20,72,1,0,876,0,7,1,1,0,52,1,-0.9773738974031357
480,100481,29,0,15,0,48,2,2,2,171,17,72,3,0,736,0,5,2,2,0,40,1,-1.0115399362371098
481,100482,29,0,9,0,13,1,0,4,335,24,61,1,0,608,0,14,4,3,1,46,1,-1.015363802018409
482,100483,37,0,19,0,10,1,0,4,216,23,69,0,0,987,1,6,0,0,0,54,1,-1.0203349535879878
483,100484,32,0,33,0,14,2,2,2,260,15,73,1,0,792,0,4,2,2,0,50,1,-0.9847580807756295
484,100485,32,0,17,0,21,1,0,2,327,25,67,1,0,802,0,7,5,4,0,42,1,-0.9869862140750421
485,100486,38,0,20,0,21,4,1,2,210,17,68,0,1,601,0,8,6,5,2,43,1,-1.2007621621389104
486,100487,31,0,12,0,16,2,1,0,281,19,67,3,0,818,0,7,3,3,2,40,1,-1.0385436650966573
487,100488,31,0,26,0,37,5,0,0,239,18,72,2,0,689,0,6,3,0,1,53,1,-1.065919635590901
488,100489,25,0,12,0,15,1,1,3,247,21,67,1,0,821,1,9,2,2,0,52,1,-0.9626502214756173
489,100490,21,0,17,0,24,2,2,2,211,18,67,1,1,694,0,8,4,3,1,54,1,-1.0152885202718143
490,100491,21,0,10,0,18,4,0,0,245,16,70,3,0,785,0,6,2,2,1,35,1,-1.037802134739683
491,100492,36,0,19,0,22,1,0,3,211,17,76,0,0,913,1,6,2,2,0,60,1,-0.9876313303453511
492,100493,33,0,1,0,31,0,1,0,248,17,66,1,1,775,0,4,2,1,0,38,1,-1.02418693612793
493,100494,26,0,11,1,22,2,1,7,253,16,67,2,0,905,1,8,5,5,0,58,1,-1.2135887192743535
494,100495,22,0,27,0,23,1,2,8,254,16,69,2,1,787,1,8,2,3,0,55,1,-1.0239036979469336
495,100496,24,0,25,0,54,3,0,1,226,25,64,4,0,725,0,11,2,2,0,44,1,-1.031292420771606
496,100497,28,0,34,0,26,2,1,18,260,18,64,1,0,725,1,10,3,1,1,50,1,-1.0908209311321793
497,100498,36,0,4,0,24,1,0,0,363,35,59,3,0,585,0,9,4,3,0,50,1,-1.0890921325142535
498,100499,21,0,9,0,12,0,1,4,253,28,68,4,1,932,1,11,3,2,0,51,1,-1.0802083527688762
499,100500,31,0,49,0,74,4,1,10,270,17,70,4,0,766,0,6,1,3,0,35,1,-1.2244921099461021
500,100501,17,0,22,0,9,2,1,2,276,28,60,1,0,712,1,12,4,2,2,48,1,-1.0537348811201563
501,100502,26,0,4,0,9,0,2,11,155,24,72,0,0,915,1,6,2,2,0,55,1,-1.031578770513546
502,100503,31,0,3,0,15,2,1,0,238,18,70,0,0,865,0,8,1,1,0,45,1,-0.9714196763539883
503,100504,25,0,11,0,17,1,2,10,316,24,58,3,0,630,0,9,1,2,0,64,1,-1.0362870131175241
504,100505,17,0,7,0,5,1,1,5,342,32,52,0,0,675,0,12,4,2,0,66,1,-1.056796468543348
505,100506,23,0,11,0,19,2,0,13,285,19,67,1,0,851,0,9,3,1,0,52,1,-0.9894218821773745
506,100507,25,0,10,0,4,0,1,3,285,28,59,0,0,725,0,12,3,3,0,63,1,-1.0015195548178175
507,100508,25,0,3,0,0,2,0,12,328,23,66,3,0,703,0,8,3,2,1,59,1,-1.065082409569927
508,100509,33,0,16,0,16,1,1,4,145,16,76,0,1,740,0,9,3,3,0,60,1,-1.0251932876508945
509,100510,31,0,18,0,24,3,1,0,222,21,66,0,0,711,0,8,1,1,1,44,1,-0.9891116427666005
510,100511,36,0,34,0,8,4,1,0,233,20,67,1,1,773,1,8,1,1,0,46,1,-1.0694005079050768
511,100512,28,1,19,0,8,2,0,9,268,28,61,0,0,678,1,11,6,3,0,56,1,-1.1147498309428379
512,100513,37,0,29,0,24,2,0,0,309,29,53,0,0,621,0,18,1,1,1,44,1,-1.1478916499398015
513,100514,17,0,17,0,37,1,1,2,359,35,56,1,0,750,0,14,1,0,1,46,1,-1.0519176511017923
514,100515,26,0,20,0,24,5,1,7,181,21,74,0,0,736,0,5,4,4,2,36,1,-1.1430450581114069
515,100516,30,0,23,0,61,1,1,1,226,14,66,1,0,688,0,9,6,6,1,38,1,-1.0886228208559268
516,100517,29,0,15,0,43,1,1,2,316,28,62,1,0,600,0,11,2,3,0,53,1,-0.9940462355214701
517,100518,42,0,26,0,21,1,0,0,157,11,80,3,0,977,1,3,5,4,0,35,1,-1.1570440516069318
518,100519,20,0,34,0,32,1,0,0,284,15,63,1,0,708,0,9,2,0,1,44,1,-1.003614704819327
519,100520,27,0,28,0,47,2,1,2,310,16,67,3,1,805,0,4,3,1,0,43,1,-1.0369939496549294
520,100521,31,0,17,0,15,1,0,0,215,15,75,2,0,912,0,4,3,3,1,45,1,-0.9947513231904831
521,100522,30,0,40,0,62,2,0,1,230,19,65,2,1,819,1,8,0,1,0,47,1,-1.0724730204631123
522,100523,20,0,4,0,9,1,0,8,218,18,70,2,0,834,0,9,2,2,0,54,1,-0.9741802143188003
523,100524,32,0,22,0,21,0,1,16,259,22,61,1,1,823,0,6,2,2,0,52,1,-1.0616343096191982
524,100525,30,0,21,0,39,2,0,6,492,37,49,2,0,457,0,13,5,2,0,46,1,-1.306889898273541
525,100526,17,0,12,0,3,2,2,0,249,25,59,1,0,590,0,12,1,0,0,49,1,-1.0285257703741324
526,100527,25,0,30,0,35,2,1,1,202,21,67,0,0,655,1,12,4,3,1,40,1,-1.013174750396244
527,100528,30,0,11,0,7,3,1,0,175,12,78,1,0,820,0,5,3,3,2,55,1,-1.0706153041002786
528,100529,37,0,20,0,16,1,1,0,243,19,67,3,0,759,1,9,4,3,0,40,1,-0.9917192555870319
529,100530,18,0,34,0,82,1,2,0,409,25,60,4,0,708,0,10,0,0,0,40,1,-1.2460813913977833
530,100531,16,0,0,0,3,0,0,2,261,27,63,0,0,946,2,13,0,0,0,67,1,-1.1707907790097973
531,100532,21,0,31,0,56,5,0,6,270,14,68,2,0,774,0,9,4,3,2,47,1,-1.1485401079430233
532,100533,40,0,18,0,5,1,1,0,199,25,77,0,0,989,0,7,1,1,1,55,1,-1.0433084890555007
533,100534,33,0,33,0,29,1,1,2,220,21,70,2,0,812,0,9,0,0,1,46,1,-0.9987824617385972
534,100535,27,0,18,0,16,2,1,4,278,23,63,0,0,705,0,11,4,3,1,54,1,-0.9869332257704758
535,100536,19,0,12,0,22,3,1,1,286,15,69,1,0,733,0,7,0,0,1,48,1,-1.0025399850553125
536,100537,33,0,16,0,51,1,1,0,305,17,68,1,0,873,0,7,1,1,0,45,1,-0.9813991383464284
537,100538,21,1,16,0,38,0,1,0,216,23,63,0,0,775,2,11,4,3,0,41,1,-1.146767409053003
538,100539,24,0,32,0,34,0,0,0,204,20,70,2,0,968,1,11,1,1,0,59,1,-1.0152093187022817
539,100540,26,0,27,0,64,1,0,0,271,28,66,1,0,814,1,9,2,2,0,43,1,-1.0016449479837377
540,100541,39,0,20,0,22,4,0,0,88,7,84,1,0,877,0,4,4,3,2,35,1,-1.27183972995302
541,100542,19,0,9,0,33,0,0,2,354,30,54,1,0,718,1,13,2,0,0,59,1,-1.0309810764364469
542,100543,21,0,27,0,29,3,3,6,324,28,67,2,1,759,0,7,1,1,0,47,1,-1.0818250075792002
543,100544,34,0,17,0,18,2,0,0,252,33,62,1,0,684,1,12,0,0,1,43,1,-1.0385349914098636
544,100545,28,0,14,0,30,2,1,0,196,10,75,1,0,831,0,9,3,2,2,56,1,-1.0323366684002713
545,100546,28,0,25,0,34,0,0,2,181,23,73,1,0,877,0,12,5,3,0,54,1,-0.9958629015130908
546,100547,12,0,18,0,24,1,0,4,251,26,64,2,0,791,0,11,3,2,1,57,1,-0.9989828321437549
547,100548,28,1,17,1,29,1,1,4,279,23,61,3,0,647,0,11,4,5,0,49,1,-1.2481085942747276
548,100549,28,0,17,0,11,1,1,1,249,24,64,1,0,796,0,4,3,0,0,70,1,-0.9938802538857755
549,100550,23,0,36,0,63,1,0,0,243,20,66,1,0,805,0,8,2,1,1,48,1,-1.0092212108479597
550,100551,34,0,2,0,21,0,0,0,118,11,83,1,0,953,0,3,4,5,0,27,1,-1.2146474734101493
551,100552,22,0,3,0,14,0,2,0,247,20,68,1,1,879,1,5,4,4,0,55,1,-1.0268918723992548
552,100553,35,0,11,0,8,4,0,4,161,10,82,0,0,971,0,2,5,5,1,43,1,-1.1607107422770135
553,100554,28,1,31,0,19,0,0,1,203,21,64,1,1,832,1,7,7,6,0,46,1,-1.2158155306058835
554,100555,29,0,14,0,32,0,0,0,281,25,68,1,0,867,1,7,2,1,2,45,1,-1.0377554754722234
555,100556,27,0,14,0,65,0,1,8,276,12,63,5,0,743,1,6,2,1,1,48,1,-1.1712107443844286
556,100557,18,0,17,0,24,1,2,11,330,21,54,1,0,585,0,9,4,3,0,38,1,-1.0691397646602894
557,100558,17,0,3,0,33,0,1,3,311,27,60,3,0,735,0,15,4,3,0,60,1,-1.0477300789782502
558,100559,17,0,27,0,36,0,0,0,298,29,52,1,1,695,2,16,1,1,1,58,1,-1.143289191664803
559,100560,24,0,18,0,9,0,2,0,206,20,68,0,0,820,2,12,3,3,0,49,1,-1.0383969084448879
560,100561,23,0,53,0,27,3,1,2,290,27,66,1,0,958,0,10,3,3,0,42,1,-1.0972766331725754
561,100562,25,0,26,0,31,3,1,0,163,13,68,0,0,743,1,6,3,2,1,40,1,-1.012191741877653
562,100563,28,0,16,0,29,1,0,3,292,31,58,2,0,777,1,19,4,4,1,46,1,-1.0975958909302357
563,100564,37,0,17,1,27,1,0,1,206,19,71,2,0,830,1,9,5,4,0,51,1,-1.1850881746514044
564,100565,25,0,25,0,28,0,0,3,321,25,60,2,0,802,1,12,3,3,0,48,1,-0.9967623600642075
565,100566,19,0,2,0,9,0,0,2,241,27,66,1,0,735,1,13,8,5,1,53,1,-1.138456100288358
566,100567,32,0,17,0,18,2,1,0,215,15,76,1,0,829,0,4,4,4,1,32,1,-1.0117170942935194
567,100568,25,0,7,0,24,2,1,0,277,24,66,0,0,719,1,7,5,1,0,55,1,-0.9774363592993507
568,100569,28,0,3,0,14,0,2,2,294,28,66,0,1,887,0,8,1,0,0,59,1,-1.031673245168873
569,100570,23,0,7,1,3,3,2,5,172,20,76,1,0,839,0,3,5,4,0,52,1,-1.2683394144987838
570,100571,39,0,28,0,75,1,1,0,279,20,63,1,0,705,1,8,4,3,1,48,1,-1.0717627476568345
571,100572,29,0,32,0,31,3,0,0,311,26,62,1,0,719,0,8,3,2,0,34,1,-1.008708156583415
572,100573,25,0,12,0,15,0,0,1,184,17,72,0,0,899,0,6,4,0,0,58,1,-0.9861994339606054
573,100574,29,0,5,0,13,2,1,0,243,24,69,2,0,645,2,8,3,3,0,41,1,-1.013594897285087
574,100575,26,0,21,0,32,1,3,1,138,19,78,1,0,952,1,6,1,1,0,38,1,-1.093486305499794
575,100576,27,1,8,0,26,2,0,0,223,20,72,1,0,871,1,6,4,2,0,45,1,-1.0549053740627408
576,100577,20,1,25,0,25,3,0,2,265,25,72,1,0,768,1,7,5,2,1,49,1,-1.117016189274594
577,100578,31,0,0,0,7,0,0,11,323,28,57,0,0,780,1,12,3,3,0,77,1,-1.1088514844806476
578,100579,29,0,18,0,44,1,1,3,246,21,69,2,0,925,0,8,1,1,0,51,1,-0.9778882552150594
579,100580,33,0,2,1,11,1,0,0,290,33,66,0,0,874,0,8,2,2,0,69,1,-1.2508588660618543
580,100581,33,0,28,0,16,2,1,5,176,14,75,1,1,800,0,4,5,5,0,63,1,-1.0740695824920878
581,100582,27,0,17,0,10,0,4,18,363,17,65,3,1,827,0,5,5,4,0,57,1,-1.3538811620356261
582,100583,23,0,26,0,28,2,0,0,177,11,72,2,0,996,0,6,1,1,0,52,1,-1.0091952709894145
583,100584,25,0,19,0,17,1,2,8,242,16,71,1,0,811,1,6,4,4,1,53,1,-0.9940498444115057
584,100585,37,0,1,0,16,1,1,2,233,16,68,1,1,779,0,7,1,1,0,49,1,-0.9990589393613675
585,100586,28,0,17,0,31,1,3,3,238,22,69,0,0,734,1,10,4,2,2,47,1,-1.0740445944971861
586,100587,23,0,6,0,44,0,2,0,288,17,69,1,0,861,0,6,2,2,0,42,1,-0.9811332501440911
587,100588,20,0,0,0,10,2,0,6,225,20,69,0,1,746,0,8,2,2,0,64,1,-1.0182125841485492
588,100589,35,0,9,0,19,4,1,1,265,18,71,1,0,800,1,4,5,3,0,47,1,-1.0078744416437302
589,100590,25,0,9,0,11,1,2,6,203,21,71,2,0,922,0,7,2,3,0,66,1,-0.9929823801143421
590,100591,33,0,30,0,16,2,1,0,201,13,72,0,1,704,2,7,2,2,0,38,1,-1.1010399430292765
591,100592,28,1,12,0,13,1,0,4,180,19,78,3,0,1051,0,2,6,4,1,47,1,-1.246843715811236
592,100593,38,0,11,0,20,1,1,2,246,24,71,1,0,892,0,5,3,3,0,49,1,-0.9782351832974376
593,100594,25,0,5,0,14,1,1,0,238,22,70,3,0,946,1,10,3,4,0,48,1,-0.9891772464801365
594,100595,26,0,42,0,13,2,2,1,216,24,67,0,0,763,0,11,1,1,0,45,1,-1.0245839874680183
595,100596,24,1,4,0,48,2,1,7,303,27,58,3,0,752,0,10,4,1,1,54,1,-1.1167953441155198
596,100597,23,0,21,0,25,1,1,14,261,20,65,0,1,800,1,8,2,2,0,46,1,-1.033974922577368
597,100598,34,0,35,0,42,2,0,3,233,16,75,2,0,893,0,6,1,1,2,41,1,-1.074240277093132
598,100599,32,0,30,0,36,5,1,0,194,20,80,2,0,782,0,7,2,1,1,34,1,-1.0816369915257456
599,100600,25,0,6,0,2,0,3,0,241,16,67,2,0,873,0,7,3,3,0,71,1,-1.0632261081295344
600,100601,29,0,16,0,43,4,2,3,205,15,70,2,0,717,0,6,4,5,1,29,1,-1.087897577752007
601,100602,31,0,29,0,14,5,0,2,260,19,65,1,0,583,0,9,1,1,0,33,1,-1.1032585144696447
602,100603,39,0,19,0,22,1,1,16,287,19,67,1,0,891,0,7,3,2,0,70,1,-1.0840199151002075
603,100604,31,0,33,0,54,2,1,9,188,15,77,0,1,902,0,4,3,2,1,50,1,-1.100072964871824
604,100605,33,0,4,0,24,1,2,0,189,12,71,1,0,879,0,9,7,7,0,57,1,-1.1331303417346439
605,100606,23,0,5,0,40,2,1,4,257,23,65,1,0,813,3,8,2,1,0,56,1,-1.076594646285125
606,100607,27,0,20,0,37,2,1,3,341,31,52,1,1,679,1,10,2,1,0,45,1,-1.0265912690476704
607,100608,28,0,32,0,37,4,0,0,152,12,78,2,0,745,0,7,1,1,0,51,1,-1.0605832640032322
608,100609,25,0,7,0,28,0,2,0,250,10,68,1,0,715,0,8,2,2,0,48,1,-0.981313143928256
609,100610,30,0,38,0,32,3,0,0,187,14,78,0,0,849,0,4,2,2,0,35,1,-1.0364868243275596
610,100611,17,0,3,0,3,5,1,3,216,17,65,0,0,607,0,11,3,3,2,49,1,-1.1731929227948894
611,100612,20,0,14,0,40,0,3,0,294,27,61,0,0,871,0,8,0,0,0,46,1,-1.0567056233571313
612,100613,22,0,16,0,15,2,1,2,365,21,57,1,0,622,1,9,1,1,3,55,1,-1.202939796384928
613,100614,32,2,13,1,27,2,0,6,243,14,72,3,1,847,0,4,5,2,1,53,-1,-1.546736197941284
614,100615,30,0,5,0,0,2,0,0,179,23,76,0,0,964,0,10,5,2,1,63,1,-1.0527617805727152
615,100616,17,0,13,0,39,1,2,2,267,29,56,2,0,629,2,13,3,2,0,52,1,-1.0525071157884167
616,100617,15,0,8,0,25,1,1,0,276,23,60,1,0,731,0,11,0,0,1,63,1,-1.011326878934054
617,100618,33,0,15,0,8,2,0,10,151,12,77,1,0,917,0,6,1,0,0,50,1,-1.0358927806489266
618,100619,28,0,9,0,17,1,2,4,261,18,66,0,1,666,0,7,2,1,0,52,1,-0.9969707500774234
619,100620,27,0,17,0,36,1,0,0,250,21,65,4,0,677,0,9,5,3,0,42,1,-1.0207426685233485
620,100621,28,0,13,0,26,3,0,2,215,18,71,2,0,867,1,8,2,2,1,47,1,-0.9844153941971618
621,100622,24,0,16,1,4,0,0,2,159,18,77,0,1,961,0,5,2,2,0,73,1,-1.3465974016240307
622,100623,37,0,6,0,22,1,1,3,193,24,71,0,0,779,0,9,2,0,1,56,1,-0.9869807792230479
623,100624,17,0,0,0,6,0,0,5,216,20,65,1,0,899,0,10,6,3,0,58,1,-1.0305239422716863
624,100625,43,0,6,0,21,2,0,0,188,18,70,0,0,820,1,6,4,4,0,58,1,-1.0122419775654226
625,100626,28,0,15,0,52,2,0,3,234,15,72,3,0,899,0,8,4,2,0,38,1,-1.0004045200273413
626,100627,24,0,6,0,6,1,1,5,234,23,72,2,2,839,0,8,1,2,1,49,1,-1.1385202685574023
627,100628,31,0,20,0,34,1,2,0,192,18,76,2,0,978,0,7,0,0,0,44,1,-1.0182851917918128
628,100629,19,0,5,0,33,1,2,2,347,23,60,1,0,648,1,11,2,1,1,46,1,-1.011347157819025
629,100630,24,0,15,0,12,0,1,0,293,18,67,1,0,796,2,6,1,0,0,46,1,-1.0093510016385214
630,100631,24,0,12,0,13,3,0,0,211,12,75,0,0,881,0,6,4,3,1,57,1,-1.0006981358988147
631,100632,25,0,16,0,29,2,0,0,172,17,77,1,0,1019,0,4,3,2,0,51,1,-0.9942285306101964
632,100633,34,0,16,0,38,0,0,0,264,33,69,4,0,799,0,8,2,2,0,52,1,-1.0438098071359674
633,100634,30,0,29,0,18,1,0,8,268,19,62,1,0,752,0,4,4,5,0,47,1,-1.0062089181739395
634,100635,14,0,32,0,52,0,0,0,322,18,61,2,0,807,0,10,1,1,0,42,1,-1.0335808098074362
635,100636,18,0,3,0,7,1,1,5,343,28,61,1,0,727,1,13,0,0,1,55,1,-1.0327050700784854
636,100637,16,0,6,0,14,2,2,10,240,24,62,0,2,789,0,7,2,2,1,63,1,-1.1690234542344113
637,100638,27,0,19,0,21,1,1,14,179,17,68,0,0,791,1,7,5,4,0,53,1,-1.031014546567533
638,100639,20,0,12,0,28,0,3,4,384,20,54,2,0,571,1,13,0,1,0,49,1,-1.1075268182341313
639,100640,25,0,30,0,57,1,0,0,326,19,73,2,0,966,0,7,3,3,0,48,1,-1.0137169194036915
640,100641,40,0,8,0,25,1,1,0,212,17,73,2,0,834,1,5,4,4,0,36,1,-1.0089315884600005
641,100642,19,0,1,0,34,1,0,1,334,23,61,1,0,633,0,11,1,0,0,61,1,-1.013972254049692
642,100643,20,0,17,0,84,2,0,5,306,19,64,5,0,768,0,6,3,3,0,48,1,-1.1692977026335154
643,100644,31,0,34,0,20,3,0,10,240,18,66,1,0,689,0,7,2,3,0,54,1,-1.0057923999485872
644,100645,13,0,25,0,62,0,0,1,271,24,60,1,0,725,2,12,1,1,0,46,1,-1.0906460524676311
645,100646,31,0,20,0,14,1,1,0,271,29,66,1,0,791,2,10,1,1,0,49,1,-1.0069505611713838
646,100647,42,0,2,0,25,2,0,7,171,22,77,0,0,1032,0,7,2,2,0,59,1,-1.0679130462067556
647,100648,24,0,9,0,24,2,1,0,161,14,77,2,0,925,0,5,3,3,0,45,1,-0.9912827348939264
648,100649,16,0,13,0,18,1,3,9,329,24,57,1,1,645,0,9,0,0,0,62,1,-1.093266768889265
649,100650,21,0,12,0,4,0,2,3,231,16,66,1,1,693,1,10,2,1,0,67,1,-1.044429293753656
650,100651,29,0,2,0,8,1,0,0,186,17,79,0,0,970,1,6,2,2,0,50,1,-0.9950692858567258
651,100652,23,0,9,1,16,0,4,10,330,31,58,0,0,635,0,12,2,2,0,67,1,-1.3027273909014294
652,100653,22,0,3,0,42,2,0,0,211,13,71,1,0,726,0,8,1,1,2,42,1,-1.0578055223116025
653,100654,24,0,25,0,43,3,0,0,205,23,78,1,0,753,1,8,5,5,0,37,1,-1.040378872448705
654,100655,33,0,12,1,14,1,1,3,302,17,67,2,0,697,0,6,5,4,0,46,1,-1.1963602775911006
655,100656,32,0,4,0,18,1,1,4,212,17,74,1,0,767,0,7,2,0,0,40,1,-0.9724038873294332
656,100657,31,0,45,0,53,2,0,0,247,14,73,1,0,817,0,7,1,2,1,46,1,-1.0288611303668627
657,100658,24,0,30,0,28,0,1,7,284,27,61,1,0,777,2,9,5,3,0,53,1,-1.0298017310032066
658,100659,22,0,11,0,31,0,1,5,335,29,54,1,1,711,0,11,3,2,0,46,1,-1.0209825270906192
659,100660,36,0,21,0,34,2,2,9,306,29,60,1,1,748,0,10,4,3,0,59,1,-1.0528735042219481
660,100661,22,1,12,0,20,0,1,12,190,16,71,1,0,924,0,5,5,3,0,55,1,-1.1287674077774834
661,100662,17,0,0,0,0,0,1,13,239,22,70,0,1,933,0,5,2,2,0,81,1,-1.20405869761196
662,100663,40,0,11,1,17,2,0,8,349,29,60,2,0,730,1,10,6,3,0,52,1,-1.255695241547611
663,100664,19,0,20,0,34,0,2,1,206,28,66,1,0,908,0,10,1,2,0,39,1,-1.0048628132979238
664,100665,27,1,22,0,7,2,1,12,356,28,52,0,0,582,0,12,4,2,0,67,1,-1.169976207404485
665,100666,29,0,20,1,30,2,1,3,264,16,68,1,0,783,0,7,4,3,1,55,1,-1.1644311883188017
666,100667,19,0,31,0,64,3,1,0,255,21,64,3,1,638,1,12,3,2,1,44,1,-1.1037350979538083
667,100668,36,1,10,0,14,0,2,1,211,21,64,1,0,742,1,9,3,1,0,59,1,-1.0992406714257879
668,100669,26,0,19,0,50,1,2,3,311,23,53,1,0,719,2,10,2,2,0,66,1,-1.065921597433339
669,100670,29,0,16,0,21,1,1,0,213,22,73,1,0,884,2,8,1,2,0,50,1,-0.992792136007108
670,100671,32,0,36,0,24,0,0,6,322,28,63,3,0,798,2,12,1,0,0,37,1,-1.1186935314079143
671,100672,18,1,41,0,80,1,0,6,348,31,56,6,1,712,1,12,1,0,1,46,1,-1.4571068410572388
672,100673,26,1,12,0,46,0,0,8,269,19,63,2,0,790,1,10,5,1,0,44,1,-1.1166740618777808
673,100674,25,1,32,0,29,2,1,2,219,17,74,0,0,723,1,8,4,3,0,44,1,-1.0921800762351745
674,100675,23,0,3,0,39,0,0,0,255,21,68,1,0,857,0,11,3,3,1,54,1,-0.9820803837739326
675,100676,28,0,24,0,45,2,1,8,328,22,65,1,0,877,0,6,1,1,0,40,1,-0.9911859013736157
676,100677,28,0,11,0,23,1,1,0,209,16,74,2,0,827,0,7,1,1,0,55,1,-0.9762560601873961
677,100678,27,1,26,0,39,2,0,2,258,13,74,1,0,968,0,5,5,5,1,45,1,-1.1380934685299247
678,100679,38,0,9,0,8,1,0,12,245,19,66,1,0,802,2,9,4,4,2,62,1,-1.18799706898993
679,100680,20,0,1,0,10,0,2,3,390,43,41,0,0,523,0,13,2,2,0,54,1,-1.2716624367473175
680,100681,33,0,20,0,22,0,5,6,309,26,64,1,0,668,0,11,1,1,0,59,1,-1.2003364549905113
681,100682,30,0,10,0,37,3,0,0,216,13,70,1,0,719,0,9,2,0,1,47,1,-0.9961653455210557
682,100683,20,0,22,0,26,4,0,16,189,13,69,1,1,894,0,2,2,2,0,55,1,-1.2122684529511056
683,100684,24,0,9,0,13,2,0,0,201,22,74,1,0,793,0,6,4,4,0,49,1,-0.9785334468513183
684,100685,29,0,5,0,23,0,1,0,304,24,65,0,0,704,1,10,4,6,0,50,1,-1.0212522165599416
685,100686,32,1,25,0,30,3,0,5,222,20,68,1,0,844,0,7,2,1,0,54,1,-1.0718970285589295
686,100687,26,0,10,0,30,1,1,3,220,18,74,2,0,862,0,3,4,4,0,38,1,-0.9923018578353309
687,100688,35,0,18,0,67,2,1,2,236,22,73,0,0,743,0,9,5,4,1,49,1,-1.0402737630713208
688,100689,28,1,11,0,23,1,1,4,257,20,68,2,0,793,0,8,5,3,1,52,1,-1.0609503633241077
689,100690,22,0,3,0,11,1,1,0,212,21,68,0,0,881,0,9,1,1,0,56,1,-0.9770611280866497
690,100691,38,0,22,0,22,5,0,2,225,16,75,2,0,779,1,4,2,2,0,47,1,-1.0537747137071931
691,100692,30,1,6,0,26,1,0,11,254,18,60,2,0,818,0,11,3,0,0,47,1,-1.124243131824047
692,100693,26,0,6,0,18,1,1,5,233,27,59,0,0,604,0,16,2,2,1,57,1,-1.030107661854917
693,100694,38,0,18,0,15,3,0,7,245,19,65,1,0,822,2,9,4,2,0,60,1,-1.0339117669588112
694,100695,34,0,9,0,25,1,2,6,323,26,59,1,1,635,0,8,5,5,0,49,1,-1.0593579193273275
695,100696,25,0,3,0,6,1,2,10,265,17,67,1,0,756,0,11,2,0,2,59,1,-1.083305356035598
696,100697,20,0,25,0,20,1,3,3,259,25,64,1,0,834,1,7,0,0,0,55,1,-1.0216320430284997
697,100698,34,0,14,0,27,1,0,0,173,19,76,0,0,1008,1,10,1,1,0,51,1,-1.008189744104721
698,100699,21,0,37,0,8,1,3,16,333,43,52,2,0,625,0,15,2,2,1,53,1,-1.303223796339924
699,100700,39,0,15,0,7,0,2,1,238,20,79,0,0,850,0,6,8,5,1,51,1,-1.158990389732758
700,100701,23,0,11,0,48,1,1,4,221,29,67,2,0,819,0,9,2,2,0,58,1,-0.9788773454955003
701,100702,33,0,13,0,28,0,0,3,257,21,68,2,0,794,1,6,2,0,0,50,1,-0.9785499432189243
702,100703,21,0,5,0,27,1,2,6,287,20,66,1,0,746,0,6,3,2,1,64,1,-0.9929221161041323
703,100704,23,0,38,0,40,4,1,12,393,22,53,2,1,582,0,16,1,0,2,40,1,-1.3459135605326271
704,100705,45,0,9,0,13,2,1,0,199,17,76,3,0,830,0,1,4,3,0,42,1,-1.0847372587451176
705,100706,25,0,8,0,36,3,0,4,243,16,71,1,0,819,1,6,5,6,1,55,1,-1.0314393394705472
706,100707,23,0,0,0,4,0,0,10,313,28,65,1,0,831,0,10,3,0,0,70,1,-1.0453211318596611
707,100708,23,0,28,0,24,1,1,5,335,36,52,1,1,595,0,12,1,1,0,52,1,-1.0630437724532475
708,100709,20,0,7,0,6,1,1,3,175,16,69,2,0,729,1,7,3,2,0,48,1,-0.9772783905291373
709,100710,20,1,6,0,17,0,3,11,291,29,62,1,1,718,1,12,2,0,0,62,1,-1.149908996322534
710,100711,25,0,55,0,39,0,2,4,266,20,63,3,0,743,2,13,1,0,0,49,1,-1.199896368286181
711,100712,23,0,16,0,27,2,2,7,264,20,61,2,1,703,2,10,1,1,2,42,1,-1.1294733984387582
712,100713,26,0,19,0,24,3,1,1,233,20,66,0,0,681,0,8,3,2,1,40,1,-0.9949847853619228
713,100714,19,0,13,0,56,1,0,0,338,26,63,2,0,740,0,9,2,2,0,45,1,-0.9991293085161309
714,100715,28,0,3,0,19,2,0,9,266,25,69,2,0,792,0,9,0,1,1,58,1,-1.0033106347857028
715,100716,20,0,28,0,19,0,1,7,266,23,64,1,0,696,0,11,1,1,0,50,1,-0.9854109428627296
716,100717,21,0,6,0,21,2,2,20,369,27,56,1,0,702,0,11,0,0,0,65,1,-1.1637250978139164
717,100718,30,0,33,0,33,2,0,0,305,21,64,3,0,797,1,8,0,3,0,39,1,-1.0129234116786723
718,100719,29,0,4,0,13,3,0,8,241,28,58,1,0,698,0,8,5,5,1,48,1,-1.052432245094069
719,100720,28,0,11,0,23,2,2,4,249,31,63,0,0,713,0,13,2,1,0,47,1,-0.9945214171245577
720,100721,39,0,31,0,17,5,0,9,244,19,59,1,0,671,0,11,4,3,2,40,1,-1.2039021994201775
721,100722,25,0,16,0,29,2,1,5,334,26,55,1,1,579,0,13,1,0,1,51,1,-1.043672417856053
722,100723,31,0,2,0,30,1,1,0,243,20,74,1,0,940,0,4,2,2,0,58,1,-0.9791655761962594
723,100724,29,0,21,0,17,0,1,0,216,24,67,1,0,793,1,7,4,3,0,49,1,-0.9686242141964514
724,100725,35,0,35,0,30,1,0,1,248,15,73,2,0,789,0,10,3,1,0,33,1,-1.0076676746176432
725,100726,7,1,5,0,3,1,3,13,318,24,52,0,2,601,0,11,3,0,1,70,1,-1.4201931657604963
726,100727,25,1,23,0,19,2,0,7,358,24,60,0,1,641,0,8,2,1,0,45,1,-1.1327702678950982
727,100728,29,0,21,1,43,1,0,0,316,29,63,1,0,806,2,9,5,5,0,49,1,-1.2408604857769896
728,100729,34,1,27,0,43,5,1,0,212,16,69,1,0,790,0,7,4,3,1,43,1,-1.1392255991661315
729,100730,20,0,27,0,35,0,1,0,203,9,73,1,0,970,0,5,4,2,0,50,1,-1.0074993982060008
730,100731,28,1,13,0,44,0,2,1,230,21,65,2,0,704,1,10,5,4,0,46,1,-1.1117087917993627
731,100732,31,0,33,0,37,3,2,0,269,28,65,0,0,677,0,10,2,2,0,45,1,-1.0143008516972447
732,100733,26,0,21,0,31,1,3,7,260,16,73,0,0,815,1,5,2,1,1,55,1,-1.0329213153122774
733,100734,24,0,11,0,11,0,1,3,199,18,68,1,0,878,0,5,4,6,0,48,1,-1.001776481417464
734,100735,22,0,6,0,47,0,0,7,302,22,61,0,0,806,0,8,4,1,1,66,1,-1.0377869331654987
735,100736,22,0,5,0,0,0,1,11,252,27,58,0,1,677,1,11,1,0,1,73,1,-1.1123439474729746
736,100737,24,0,10,0,17,1,1,2,168,15,74,1,0,1012,0,3,3,3,1,59,1,-1.007328736976205
737,100738,30,0,1,0,18,2,1,2,209,16,67,1,1,768,0,9,3,3,0,47,1,-0.9875841958286299
738,100739,26,0,12,0,19,4,2,2,312,22,62,0,0,671,1,9,0,0,1,44,1,-1.051906712830955
739,100740,27,0,18,0,9,3,1,1,160,6,78,0,0,877,0,5,4,3,1,48,1,-1.043670201772885
740,100741,37,0,10,0,19,0,0,4,197,19,72,0,0,892,0,5,3,3,0,61,1,-0.9876764689122312
741,100742,18,0,8,0,42,0,3,13,337,29,57,3,0,770,1,8,2,1,0,65,1,-1.1303266932553244
742,100743,23,0,15,0,33,1,1,4,230,23,64,1,0,812,0,9,2,1,1,50,1,-0.9705831252110492
743,100744,26,0,6,0,60,1,0,3,263,19,73,3,0,836,0,9,5,3,0,40,1,-1.02080451649828
744,100745,27,0,26,0,43,1,1,2,325,26,59,2,0,702,0,13,5,2,1,49,1,-1.013757038860152
745,100746,31,0,3,1,21,0,1,3,263,22,63,0,0,908,2,9,3,2,0,68,1,-1.2451492584928212
746,100747,20,0,23,0,39,3,0,0,264,20,68,4,0,766,0,5,1,0,0,51,1,-1.040110813881735
747,100748,20,0,26,0,60,1,0,4,401,33,56,3,1,586,0,16,1,1,0,40,1,-1.1895385111805357
748,100749,17,0,32,0,45,4,0,0,249,31,62,0,0,570,0,11,3,3,0,43,1,-1.109211766016395
749,100750,28,0,20,0,25,0,0,0,214,21,74,2,0,986,0,6,0,2,0,58,1,-0.9949793132913297
750,100751,27,0,3,0,23,1,0,4,338,22,57,2,0,712,0,8,0,0,0,46,1,-1.0037152122802546
751,100752,17,0,17,0,16,0,1,0,266,22,64,0,0,799,2,11,1,1,0,49,1,-1.0142999715511318
752,100753,16,0,24,0,29,2,0,12,411,25,51,1,0,535,0,12,1,1,0,46,1,-1.1346570538238767
753,100754,33,0,16,0,12,2,1,3,197,21,74,1,0,914,0,5,3,3,0,52,1,-0.9829540055041567
754,100755,32,0,16,0,47,2,1,5,326,19,62,0,0,766,1,5,3,4,1,36,1,-1.0285205925445609
755,100756,13,0,24,0,25,2,1,3,329,31,58,3,0,646,0,13,2,1,1,45,1,-1.04564747491583
756,100757,26,0,1,0,3,1,0,4,243,22,71,0,0,814,0,8,5,4,0,69,1,-1.0069517414120976
757,100758,26,0,19,0,34,2,1,6,267,12,70,1,0,840,0,3,3,3,0,49,1,-0.978750926365888
758,100759,21,0,2,0,8,1,0,2,251,27,65,1,0,729,0,5,4,3,0,59,1,-0.982620543858678
759,100760,32,1,20,0,13,1,1,0,371,33,58,0,0,696,0,9,3,1,1,63,1,-1.1415585721574182
760,100761,25,0,7,0,53,1,0,2,263,15,66,0,0,793,1,6,3,1,0,43,1,-0.9838288604342811
761,100762,32,0,5,0,13,2,0,14,276,30,64,1,0,760,0,10,3,3,0,53,1,-1.0226170558278531
762,100763,26,0,0,0,18,1,1,5,320,28,66,1,0,893,0,6,1,2,0,64,1,-0.9915731092687925
763,100764,36,0,29,0,32,1,1,2,158,13,76,2,0,827,0,8,1,1,1,34,1,-1.0323282136039504
764,100765,34,0,30,0,19,0,1,10,202,27,70,1,0,755,0,9,7,7,0,32,1,-1.2092687219261173
765,100766,30,1,33,0,45,1,0,0,233,18,71,3,0,839,0,8,2,1,1,40,1,-1.099621703688894
766,100767,31,0,1,0,2,0,2,10,227,26,66,0,0,817,1,7,7,7,0,67,1,-1.2158863521125136
767,100768,28,0,14,0,40,3,0,5,347,23,59,1,0,755,0,10,4,3,0,57,1,-1.001627783588794
768,100769,26,0,15,0,56,5,0,5,148,14,74,1,0,956,0,5,1,2,0,36,1,-1.1291917505619407
769,100770,28,0,3,0,13,1,1,9,178,18,78,2,0,895,0,5,3,3,0,58,1,-0.9951647076045178
770,100771,25,0,9,0,50,2,0,0,294,25,69,2,0,750,1,11,4,4,0,36,1,-1.007757764203414
771,100772,30,0,30,0,20,1,0,2,143,8,75,1,0,957,1,3,4,3,0,43,1,-1.0398842126433483
772,100773,32,0,12,0,52,1,0,0,268,14,69,0,0,890,0,7,4,5,0,48,1,-1.0042192550527906
773,100774,39,0,10,0,35,1,1,5,279,19,65,3,1,748,3,5,5,3,0,52,1,-1.2143354773207018
774,100775,35,0,21,0,28,1,0,2,166,22,74,1,0,1036,1,7,2,2,0,44,1,-1.000393082147759
775,100776,23,0,22,0,34,1,0,7,297,29,62,2,0,752,1,9,3,2,0,56,1,-0.9935851950332077
776,100777,34,2,7,0,20,0,2,8,294,23,55,1,1,605,0,8,3,1,0,62,1,-1.3696766023332185
777,100778,29,0,23,0,17,3,1,0,308,25,66,0,0,639,0,11,3,2,2,53,1,-1.0465783971604936
778,100779,34,0,23,0,40,4,0,1,184,16,70,1,0,700,1,9,2,2,0,45,1,-1.0108520040829543
779,100780,18,0,12,0,13,2,2,8,331,26,54,0,0,536,1,13,0,0,1,57,1,-1.0883888130898136
780,100781,31,0,5,0,37,3,1,1,256,13,65,0,0,868,0,8,2,2,1,40,1,-0.9902718070989837
781,100782,35,1,16,0,28,1,2,7,199,21,66,0,0,780,0,5,5,3,0,52,1,-1.1068345122177792
782,100783,28,0,10,0,38,2,1,0,295,19,69,2,0,795,0,7,3,1,0,41,1,-0.9736901939626076
783,100784,31,0,11,0,15,2,0,0,206,22,68,1,0,775,0,10,3,1,0,57,1,-0.9684964179070629
784,100785,20,0,5,0,26,2,1,1,247,15,63,0,0,728,1,8,3,0,1,56,1,-0.9923503172755774
785,100786,24,1,13,0,18,1,0,0,271,25,65,2,0,796,0,12,3,2,1,54,1,-1.0685049567759966
786,100787,21,0,18,0,38,2,0,0,339,33,65,1,0,850,0,8,3,4,1,53,1,-1.0265236316115496
787,100788,26,0,12,0,12,0,1,1,311,27,62,0,1,728,0,7,1,0,0,56,1,-1.0115694567893487
788,100789,13,0,19,0,33,0,2,8,348,29,53,6,0,751,0,15,0,0,0,58,1,-1.2976473802594994
789,100790,26,0,15,0,39,0,0,0,206,12,73,0,0,887,1,7,3,3,0,49,1,-0.9837753417687574
790,100791,37,0,32,0,52,6,0,9,146,13,79,3,0,845,1,7,3,3,0,30,1,-1.276161305082526
791,100792,32,0,12,0,52,0,0,1,198,16,73,4,0,904,0,6,6,3,0,52,1,-1.0845083213807785
792,100793,31,0,10,0,11,1,1,5,207,17,66,0,0,835,0,7,3,0,0,63,1,-0.9800849138810429
793,100794,39,0,7,0,17,3,1,4,300,26,69,1,0,798,1,8,5,4,1,63,1,-1.0379829243052865
794,100795,17,0,0,0,6,1,2,3,348,34,58,2,0,629,1,13,4,3,0,63,1,-1.0810841600244585
795,100796,30,0,10,0,29,1,1,1,214,24,60,0,0,600,0,9,5,4,0,57,1,-1.0037193694744757
796,100797,31,0,22,0,36,3,1,8,189,18,66,0,2,791,1,9,3,2,1,49,1,-1.152100289172354
797,100798,34,0,1,0,2,2,0,4,258,22,69,0,0,783,1,8,5,5,0,53,1,-1.0089210403175028
798,100799,32,0,5,0,13,2,2,12,244,18,62,0,1,724,0,8,0,0,0,60,1,-1.0700983478920474
799,100800,22,0,26,1,35,4,1,3,234,21,75,4,0,777,1,6,4,2,0,36,1,-1.279664758357412
800,100801,27,0,8,1,37,1,4,2,326,25,59,0,0,667,2,12,1,2,1,63,1,-1.3640880121091992
801,100802,39,0,46,0,19,1,0,4,204,19,72,0,0,888,1,8,2,1,1,60,1,-1.0873977171837992
802,100803,10,0,38,0,50,1,0,0,332,26,53,2,2,760,1,10,1,1,1,41,1,-1.2754720329239175
803,100804,26,0,9,0,10,2,1,6,179,17,70,2,0,794,2,9,3,3,0,49,1,-1.004850338377554
804,100805,22,0,16,0,25,1,1,1,267,20,68,1,0,891,0,6,1,0,0,52,1,-0.98139868610356
805,100806,18,0,14,0,32,0,0,1,208,21,73,2,1,890,0,5,0,0,0,40,1,-1.0657966479489451
806,100807,25,0,2,0,15,0,0,4,302,22,68,1,0,780,0,11,3,2,0,59,1,-0.9792851307981763
807,100808,24,0,36,0,27,2,0,9,317,31,59,2,0,672,0,11,3,3,1,45,1,-1.0375816331912953
808,100809,23,0,11,0,6,1,0,2,243,19,67,1,0,937,1,8,5,3,0,60,1,-0.9869755109637153
809,100810,36,0,2,0,3,0,2,18,222,24,68,1,1,725,0,5,5,3,0,57,1,-1.1672265210450632
810,100811,27,0,11,1,34,2,0,4,286,28,63,2,2,709,0,6,2,2,0,43,1,-1.272951297349928
811,100812,23,1,18,0,12,4,1,1,155,18,74,0,0,847,1,9,1,0,1,41,1,-1.185109216623866
812,100813,32,0,19,0,61,2,0,1,253,19,71,3,0,800,3,12,2,2,2,44,1,-1.2472169458331301
813,100814,26,1,15,0,24,1,0,2,242,21,69,1,0,889,0,4,4,2,0,60,1,-1.055048180859695
814,100815,36,0,15,0,17,3,2,2,187,15,74,1,0,864,0,4,3,3,1,58,1,-1.0091415288250578
815,100816,22,0,12,0,22,2,0,1,343,24,61,0,0,642,0,6,2,2,1,49,1,-0.9981579952959069
816,100817,25,0,37,0,23,1,1,2,178,12,76,0,0,890,0,5,3,3,1,40,1,-1.0181230813891415
817,100818,36,0,20,0,32,3,1,3,183,13,76,0,1,872,0,3,4,4,0,49,1,-1.0454435218993072
818,100819,44,0,57,0,17,5,0,0,222,14,76,1,0,802,0,6,3,2,2,41,1,-1.2932891753669302
819,100820,26,0,14,1,34,2,1,0,313,25,62,2,0,708,0,9,4,2,0,59,1,-1.1699327534401762
820,100821,26,0,17,0,16,1,0,5,191,19,70,0,0,860,0,7,0,0,0,53,1,-0.9845903301820723
821,100822,26,0,13,0,34,2,0,0,182,16,75,1,0,888,1,4,3,3,1,48,1,-0.9922214728354297
822,100823,29,0,24,0,30,1,2,0,330,22,61,2,0,756,2,5,2,2,0,58,1,-1.0337903649535625
823,100824,33,0,21,0,30,2,0,1,273,19,67,2,0,840,0,4,4,4,0,50,1,-0.9837859502753351
824,100825,29,1,22,0,22,1,0,0,174,22,68,1,0,943,1,8,1,1,0,64,1,-1.1085187295103023
825,100826,35,0,30,0,12,1,0,3,206,17,72,2,0,757,1,7,4,4,0,39,1,-0.9967776025889945
826,100827,41,0,17,0,33,2,0,11,282,23,63,1,0,675,2,11,3,2,0,50,1,-1.0573098531477343
827,100828,28,0,29,0,52,3,0,2,198,17,72,1,1,866,0,7,6,6,0,37,1,-1.1118129621054536
828,100829,29,0,8,0,3,1,2,2,209,18,68,0,0,820,0,7,2,2,1,54,1,-0.981668458419903
829,100830,30,0,22,0,22,1,1,0,257,18,73,2,0,853,0,6,2,2,1,42,1,-0.9767470447283166
830,100831,23,1,4,0,6,2,1,8,255,23,63,0,0,730,1,14,2,0,2,48,1,-1.162741125672669
831,100832,19,0,22,0,38,1,0,0,339,28,54,3,1,610,1,11,3,3,0,48,1,-1.0575686686065617
832,100833,29,0,16,0,6,1,0,0,256,17,70,0,0,866,0,7,2,2,1,39,1,-0.9730032613045716
833,100834,23,0,13,0,33,3,0,7,172,16,74,0,0,885,1,7,2,1,0,55,1,-0.9939982919730841
834,100835,35,0,19,0,35,1,1,0,242,16,69,1,1,888,0,7,2,3,0,57,1,-0.9906131832884637
835,100836,38,0,15,0,45,2,0,0,226,14,71,1,0,898,0,4,2,3,0,39,1,-0.9970005406349491
836,100837,27,0,6,0,5,1,1,3,268,24,66,0,0,898,0,10,2,1,0,54,1,-0.9761661431239969
837,100838,21,0,9,0,15,4,0,3,196,17,73,2,0,963,0,5,1,1,0,31,1,-1.08058660640943
838,100839,30,0,25,0,28,1,1,1,252,14,73,2,0,977,0,7,2,1,0,49,1,-0.9825048982105739
839,100840,25,0,60,0,53,3,0,0,204,15,75,1,0,810,0,5,2,1,0,40,1,-1.1140278498604017
840,100841,20,0,13,0,28,0,1,3,285,24,64,1,0,784,1,8,1,0,0,44,1,-0.9822351504045893
841,100842,28,1,9,0,8,4,0,12,264,26,68,1,0,681,0,12,4,3,2,46,1,-1.2106100688789765
842,100843,29,0,3,0,2,1,2,15,228,22,66,0,0,734,1,12,1,1,0,47,1,-1.0649889443779426
843,100844,17,0,5,0,1,0,1,7,243,19,67,0,0,766,0,6,2,1,0,70,1,-1.0165899372221303
844,100845,18,0,18,0,23,3,0,0,221,28,59,2,0,681,1,12,0,0,0,49,1,-1.032225617591054
845,100846,22,0,25,0,11,3,3,8,313,31,60,2,1,632,2,16,1,1,2,55,1,-1.2595669976535668
846,100847,26,0,19,0,26,2,1,1,253,20,67,2,0,796,0,7,2,0,0,51,1,-0.970808427827375
847,100848,23,0,14,0,20,2,1,4,192,19,74,1,0,844,1,5,5,3,0,55,1,-0.9836445354264857
848,100849,24,0,1,0,6,1,2,1,155,12,74,1,0,842,0,5,3,2,0,59,1,-1.0003067311329243
849,100850,34,0,10,0,68,2,0,5,264,22,69,0,0,826,0,10,0,1,0,43,1,-1.0393252225047869
850,100851,30,0,9,0,41,3,0,0,303,24,60,3,0,626,1,9,3,1,0,44,1,-1.0204547338123142
851,100852,25,1,0,0,15,0,2,6,179,16,72,3,0,950,1,6,3,2,0,69,1,-1.1929760016817708
852,100853,30,0,7,0,12,3,1,14,259,27,63,0,1,786,0,10,3,2,0,55,1,-1.0474435397759387
853,100854,32,0,16,0,35,1,2,2,299,23,66,0,0,818,2,7,3,1,2,61,1,-1.1242918108853486
854,100855,20,0,6,0,8,0,3,6,355,30,53,1,0,672,1,10,2,1,0,66,1,-1.076952621837988
855,100856,39,0,23,0,30,4,1,0,195,18,72,0,0,711,0,6,1,1,2,44,1,-1.0910106375349315
856,100857,21,0,0,0,24,1,2,0,231,17,70,3,0,720,1,7,3,1,1,52,1,-1.0074104955205416
857,100858,19,0,19,0,32,1,0,0,231,18,64,0,0,715,0,11,4,4,1,42,1,-0.9981378069653017
858,100859,23,0,7,0,24,0,1,0,269,22,66,2,0,659,1,10,5,2,0,51,1,-0.9862679580144709
859,100860,22,0,7,0,19,1,1,7,294,26,59,0,0,682,0,9,2,1,0,50,1,-0.9857917409746861
860,100861,29,0,8,0,13,1,1,6,263,33,61,1,0,787,2,8,2,2,0,52,1,-1.0142929523530575
861,100862,36,0,13,1,30,1,1,0,241,27,65,0,0,749,2,10,4,2,1,59,1,-1.2295117068553125
862,100863,21,0,13,0,11,3,0,6,294,14,66,0,2,765,1,10,2,1,1,48,1,-1.1794361257757844
863,100864,30,0,15,0,38,1,1,1,243,20,75,2,0,929,1,6,4,3,0,50,1,-0.9798691556694814
864,100865,19,0,48,0,25,0,0,0,299,19,61,1,0,658,0,7,4,2,0,42,1,-1.066240333019161
865,100866,21,0,15,0,42,2,0,2,344,22,55,2,1,643,0,10,5,4,0,47,1,-1.060810743193562
866,100867,28,0,18,0,23,1,1,4,226,28,56,1,1,561,1,12,0,0,1,36,1,-1.0900925812287936
867,100868,24,1,12,0,12,2,4,1,392,34,49,1,2,479,0,9,5,4,0,63,-1,-1.4905051078337659
868,100869,27,0,14,1,21,1,2,9,261,22,66,2,0,796,2,10,2,1,1,59,1,-1.2182423940800473
869,100870,28,0,11,0,52,2,0,0,249,18,68,1,0,765,0,9,6,5,0,43,1,-1.0133502167325348
870,100871,26,0,11,0,32,0,1,4,248,23,69,3,0,922,0,5,3,2,0,64,1,-0.9878161058365265
871,100872,24,0,16,0,27,1,0,0,196,17,72,2,0,848,2,6,2,2,0,57,1,-1.0017429583129407
872,100873,29,0,51,0,30,4,1,7,232,25,66,2,0,899,0,6,3,3,0,35,1,-1.1006857149558125
873,100874,32,0,8,0,43,0,0,0,281,19,61,0,0,836,0,10,1,0,0,51,1,-0.9859524710367329
874,100875,19,0,25,0,39,3,1,0,219,18,66,1,0,824,0,10,2,1,1,51,1,-0.9898901279910797
875,100876,35,0,21,0,23,0,1,1,316,27,63,1,2,792,0,8,2,0,0,52,1,-1.134157167078641
876,100877,38,0,5,0,12,3,1,4,248,18,71,1,0,645,1,6,5,3,0,42,1,-1.0125222490915415
877,100878,28,0,38,0,26,3,2,0,191,15,73,2,0,739,0,7,2,2,0,39,1,-1.01988537109105
878,100879,26,0,18,0,24,3,2,16,233,18,69,0,0,668,1,5,1,0,0,47,1,-1.1174551062845035
879,100880,33,0,15,0,47,0,1,2,254,28,61,3,0,795,0,10,0,0,0,38,1,-1.0290965609264706
880,100881,32,0,21,0,11,1,0,0,255,24,70,2,0,752,1,11,3,1,0,46,1,-0.974579958141153
881,100882,20,0,24,0,49,1,0,0,338,20,63,4,1,716,0,9,4,4,0,54,1,-1.0922264372104324
882,100883,25,0,53,0,42,2,1,0,260,18,60,2,1,750,0,8,2,1,0,44,1,-1.079189587531137
883,100884,36,0,20,0,20,1,2,2,191,18,76,1,0,859,0,4,4,2,0,54,1,-0.989970880671199
884,100885,24,0,26,0,41,3,0,0,274,22,60,3,0,885,2,10,1,1,1,43,1,-1.0706065292125395
885,100886,26,0,3,2,32,2,1,1,246,26,71,3,0,856,1,5,3,3,0,63,-1,-1.6849964347986195
886,100887,26,0,18,0,39,2,1,0,255,14,70,0,0,792,0,6,5,5,0,32,1,-1.0159232659934405
887,100888,27,0,18,0,26,0,2,8,279,20,61,4,1,658,0,10,5,3,1,44,1,-1.1066337237051842
888,100889,41,0,20,0,50,3,0,0,250,26,63,1,0,682,0,10,3,3,1,45,1,-1.0290849495503154
889,100890,31,0,8,0,33,0,2,1,278,21,61,0,1,671,0,11,1,1,0,52,1,-1.0192647019334136
890,100891,22,0,8,0,18,1,0,4,259,35,56,0,0,804,1,10,0,0,0,54,1,-1.0281682799424303
891,100892,22,0,19,0,19,1,0,0,299,19,71,2,0,850,1,9,4,2,1,40,1,-0.9821534527696658
892,100893,36,0,61,0,53,4,0,0,181,13,75,1,0,976,0,3,1,1,0,49,1,-1.23976707697335
893,100894,20,0,13,0,34,0,0,10,344,37,52,1,0,626,0,13,4,4,0,59,1,-1.099577439307106
894,100895,21,0,17,0,58,2,1,0,253,15,67,2,0,754,0,10,0,0,1,36,1,-1.0263933589079188
895,100896,30,0,10,0,27,0,0,0,307,29,59,2,0,703,1,16,3,3,1,54,1,-1.0378181804829982
896,100897,27,2,28,0,54,3,0,3,248,19,70,1,0,902,2,7,3,1,0,55,1,-1.458382231501325
897,100898,21,0,19,0,20,2,1,4,263,23,70,3,0,734,0,11,1,1,0,39,1,-0.9857673243851454
898,100899,28,0,21,0,46,2,0,0,187,17,73,1,0,877,1,6,4,4,1,38,1,-1.0038082027125657
899,100900,27,0,6,0,11,2,1,8,208,20,67,1,1,733,0,9,5,4,1,55,1,-1.0242113664042802
900,100901,36,0,27,0,59,1,0,1,230,20,70,1,0,826,0,8,3,3,0,34,1,-1.0074334831204526
901,100902,25,0,2,0,4,1,0,2,272,25,67,0,0,766,0,8,5,3,1,71,1,-1.0218092883085619
902,100903,24,1,34,0,37,2,0,0,320,17,65,4,0,694,0,11,1,0,0,42,1,-1.1750566064719103
903,100904,30,0,9,0,39,1,0,2,253,24,66,4,1,860,0,7,3,2,0,56,1,-1.0418255345076728
904,100905,35,0,22,0,36,1,0,1,304,28,66,3,0,733,1,11,2,3,0,42,1,-1.0101403250250007
905,100906,29,0,45,0,48,2,0,0,268,19,68,4,1,787,0,7,2,2,0,33,1,-1.0942799526332772
906,100907,27,1,27,0,34,1,1,4,297,18,61,2,2,672,2,9,5,1,0,53,1,-1.2462099245337948
907,100908,18,0,9,1,22,1,1,23,315,24,58,0,1,582,0,12,3,3,0,58,1,-1.3493427530457025
908,100909,22,0,20,0,3,5,0,1,267,26,67,0,0,793,1,8,2,1,0,46,1,-1.062094009660744
909,100910,24,0,37,0,21,0,0,2,251,25,70,1,0,825,0,8,2,3,1,45,1,-0.9883695925097139
910,100911,36,0,7,0,21,4,1,0,204,14,79,3,0,887,0,4,5,4,2,43,1,-1.1594020390773574
911,100912,18,0,4,0,1,0,3,6,258,27,51,0,2,546,1,11,6,3,0,72,1,-1.344617789723236
912,100913,20,0,13,0,28,1,2,0,268,18,65,2,0,785,0,5,6,3,0,59,1,-1.0092147864035637
913,100914,20,1,29,1,40,0,2,10,283,27,60,1,1,646,0,9,4,2,0,58,1,-1.2725353385894023
914,100915,19,0,55,0,18,4,0,0,210,19,72,1,0,825,1,6,2,1,0,46,1,-1.1183538086875981
915,100916,26,0,46,0,50,1,2,5,253,24,67,3,0,751,0,7,2,2,0,56,1,-1.0439225321986856
916,100917,19,0,37,0,71,1,0,0,299,29,58,4,0,734,0,16,0,0,0,47,1,-1.1903040261451516
917,100918,45,0,14,0,49,0,1,0,248,17,73,2,0,991,0,5,4,6,0,41,1,-1.1244440182306232
918,100919,30,0,16,0,14,1,0,1,255,21,71,0,0,874,1,6,3,1,0,47,1,-0.9696211059005221
919,100920,15,0,41,0,49,0,1,0,290,15,62,1,0,631,1,9,1,1,1,40,1,-1.0950425998439093
920,100921,27,0,4,0,10,0,0,22,249,26,65,2,1,795,0,8,5,5,0,61,1,-1.2277518350753447
921,100922,23,0,11,0,29,0,1,0,290,20,67,0,0,881,0,11,5,5,0,48,1,-1.0036789289870547
922,100923,32,0,31,0,39,2,1,0,298,17,66,2,0,853,0,10,0,0,0,48,1,-0.9959843465920483
923,100924,25,0,2,0,17,0,1,2,201,21,69,0,0,903,0,6,5,3,0,61,1,-0.9870461366597894
924,100925,25,0,24,0,38,0,1,8,188,17,76,1,0,726,0,9,4,3,0,37,1,-1.0032328323213286
925,100926,26,0,38,0,20,3,2,7,251,31,63,1,0,705,0,14,4,2,1,55,1,-1.078179793775055
926,100927,22,0,48,0,69,3,0,8,296,15,71,5,0,859,0,5,1,1,0,38,1,-1.2333694305836302
927,100928,26,1,15,0,70,4,0,0,413,24,56,1,0,674,0,11,3,2,1,32,1,-1.309991649601504
928,100929,14,0,12,0,17,0,1,0,269,22,63,0,0,821,0,11,1,0,0,70,1,-1.030142930103762
929,100930,25,1,19,0,18,1,0,14,318,29,51,1,2,672,1,12,4,2,0,50,1,-1.225576553313035
930,100931,28,0,2,0,18,1,1,0,236,19,73,0,0,936,1,7,5,4,0,56,1,-0.991494977959566
931,100932,27,0,9,0,35,2,1,0,152,11,76,0,0,886,0,6,3,3,1,50,1,-0.9994460878256639
932,100933,33,0,4,0,29,2,1,3,203,26,72,2,0,856,0,7,3,3,1,54,1,-0.9791949341607135
933,100934,27,0,19,0,25,0,0,0,271,14,71,1,0,1040,0,4,2,1,0,52,1,-0.9917444578169885
934,100935,21,0,7,0,15,0,0,0,255,19,73,2,0,983,0,8,4,1,0,53,1,-0.9843145714818652
935,100936,26,1,12,0,3,1,0,9,252,28,63,0,1,767,0,9,5,2,0,64,1,-1.116352762737493
936,100937,41,0,10,0,11,0,1,1,199,16,76,0,0,972,1,4,1,1,0,44,1,-1.034565842282083
937,100938,31,0,40,0,31,2,1,2,330,23,69,3,0,741,0,4,2,1,0,36,1,-1.036988656527579
938,100939,22,0,20,0,13,0,3,12,414,28,58,2,0,754,0,9,1,0,0,61,1,-1.1238818895013214
939,100940,32,0,12,0,15,1,1,7,249,18,67,1,0,782,0,8,1,1,0,52,1,-0.9733653755408522
940,100941,28,0,9,0,20,0,2,0,252,21,67,0,0,787,0,8,4,4,0,52,1,-0.979567236095858
941,100942,28,0,35,0,32,1,3,0,197,16,74,2,1,811,0,5,2,3,1,56,1,-1.109839239418784
942,100943,32,0,18,0,58,1,1,0,280,26,54,0,0,666,1,13,3,5,0,39,1,-1.0764977578315844
943,100944,23,0,7,0,13,0,0,8,396,42,47,1,1,546,2,20,2,2,0,63,1,-1.3419848484831751
944,100945,26,0,5,0,11,2,1,0,225,20,67,2,0,767,0,9,5,5,1,41,1,-1.0054217206059093
945,100946,20,0,13,0,21,1,1,4,313,22,51,0,1,612,0,10,3,2,1,47,1,-1.033318871786633
946,100947,19,0,20,0,37,1,0,0,196,14,70,2,0,670,0,5,4,2,0,49,1,-0.989908778478947
947,100948,20,0,11,0,27,2,2,0,257,20,62,3,1,708,0,7,1,1,0,59,1,-1.0328668742932572
948,100949,25,0,13,0,12,1,1,9,239,17,68,0,0,871,0,10,4,2,1,63,1,-0.9915007777444862
949,100950,24,0,11,1,16,1,3,0,259,21,65,0,0,641,1,11,3,2,0,51,1,-1.214793015815235
950,100951,24,0,10,0,19,0,0,3,327,24,61,1,0,832,1,12,3,1,0,66,1,-1.0013309608871437
951,100952,18,0,27,0,91,3,0,1,309,17,67,4,0,813,1,11,2,2,1,42,1,-1.1834416998582689
952,100953,41,0,16,0,39,1,1,4,198,19,72,1,0,855,1,5,7,7,0,45,1,-1.1055343316698423
953,100954,37,0,18,1,12,2,1,7,274,29,63,1,0,671,0,8,3,3,0,44,1,-1.1936959444926165
954,100955,38,0,2,0,2,1,0,0,160,13,80,0,0,1023,0,3,3,4,0,47,1,-1.0802513979656594
955,100956,24,0,22,0,35,0,3,0,246,20,70,3,0,886,0,7,2,2,1,49,1,-1.028521834451043
956,100957,21,0,0,0,1,2,1,5,271,29,57,0,0,684,2,10,2,1,0,74,1,-1.1015347922371659
957,100958,29,1,20,0,35,0,1,7,246,27,62,1,0,714,1,10,2,1,0,59,1,-1.066711756297156
958,100959,27,0,9,0,48,0,0,6,231,17,69,1,1,764,1,7,5,4,0,53,1,-1.0293190395676797
959,100960,28,0,1,0,11,0,1,3,202,13,69,0,0,788,0,6,2,2,1,60,1,-0.9858712527334444
960,100961,28,0,54,0,43,1,0,0,211,14,66,0,1,858,0,7,3,2,0,50,1,-1.1062393821933956
961,100962,37,0,3,0,6,3,1,4,195,17,73,1,0,819,1,5,1,1,1,55,1,-1.007507864640652
962,100963,20,0,15,0,27,1,0,11,340,28,60,1,0,624,1,11,3,3,1,56,1,-1.0259012416831585
963,100964,37,0,35,0,31,2,0,0,215,11,76,2,0,810,0,2,5,5,0,45,1,-1.0592652238176448
964,100965,21,0,2,0,28,0,2,4,292,24,72,1,0,880,0,6,2,1,0,53,1,-0.9842320265370995
965,100966,28,0,27,0,22,2,4,7,203,20,63,2,0,762,1,11,0,0,0,58,1,-1.1329136809989098
966,100967,26,0,13,0,48,1,1,0,215,19,71,2,0,862,1,6,1,1,0,44,1,-0.9857044239263466
967,100968,35,0,26,0,85,0,0,0,245,18,71,2,1,776,1,7,3,2,0,45,1,-1.1118522805793025
968,100969,30,0,32,0,14,2,0,0,250,22,68,2,0,744,0,7,1,1,1,31,1,-1.0112068019915823
969,100970,44,0,31,1,26,1,1,6,206,16,72,1,0,855,0,5,3,2,0,63,1,-1.250666366808262
970,100971,30,0,1,0,26,0,1,11,205,21,69,2,2,800,0,6,4,4,0,50,1,-1.165957209986794
971,100972,31,0,9,1,36,1,0,2,290,22,62,2,0,812,0,9,3,3,0,51,1,-1.166263036083207
972,100973,17,0,18,0,57,1,1,7,281,20,58,4,1,635,4,11,1,1,0,52,1,-1.4015524973239784
973,100974,35,0,19,0,36,1,2,5,289,22,62,0,1,759,1,8,3,3,0,56,1,-1.021563489885823
974,100975,24,1,17,0,30,3,1,2,325,26,60,2,1,632,0,9,4,2,0,46,1,-1.1001473920803753
975,100976,42,0,2,0,2,1,2,0,280,20,67,1,0,807,1,8,3,3,0,52,1,-1.003746355372086
976,100977,18,1,1,1,9,0,1,9,257,29,59,1,1,765,0,9,5,3,0,76,1,-1.2958084812298034
977,100978,18,0,17,0,19,2,2,3,247,24,69,0,0,765,0,8,3,4,1,50,1,-0.9897515270489354
978,100979,34,0,8,0,6,0,0,2,195,17,79,1,0,991,1,4,2,1,0,62,1,-1.021504398313192
979,100980,25,0,7,0,21,1,1,1,265,36,64,0,0,923,0,12,2,2,0,71,1,-1.0578922797211567
980,100981,23,0,15,0,3,0,0,0,244,18,73,0,1,898,0,4,2,2,0,56,1,-1.0089141701041842
981,100982,28,0,13,0,24,0,1,0,239,15,72,1,0,958,2,8,3,3,0,62,1,-1.0169311253804298
982,100983,27,0,3,0,16,0,1,0,297,30,68,2,0,868,0,7,5,1,0,69,1,-1.03165939847101
983,100984,29,0,21,0,26,1,1,9,248,21,70,1,0,778,1,7,2,1,0,51,1,-0.9732606270761888
984,100985,34,0,11,0,13,0,1,1,256,29,63,1,1,815,0,8,3,2,0,63,1,-1.0065444202093976
985,100986,13,0,7,0,33,0,1,5,284,28,65,1,0,817,0,10,3,2,0,46,1,-0.9861499717404936
986,100987,40,0,16,0,28,4,0,0,211,9,78,0,0,849,0,1,2,1,0,45,1,-1.0929682618287688
987,100988,24,0,17,0,37,2,0,0,235,16,75,1,0,946,1,7,4,5,0,46,1,-0.9993895027059901
988,100989,25,0,39,0,23,3,0,7,301,16,65,3,0,769,1,8,4,3,1,53,1,-1.053567805019843
989,100990,23,0,8,0,54,0,1,4,248,24,67,1,1,888,1,4,6,5,0,52,1,-1.1003834009470672
990,100991,22,0,15,0,3,1,2,6,259,29,58,2,0,723,1,13,2,2,0,58,1,-1.013305658822265
991,100992,29,0,16,0,32,1,0,2,373,29,55,1,1,752,0,11,1,1,0,33,1,-1.06238283385563
992,100993,29,1,6,0,25,1,1,3,229,14,69,2,0,818,0,2,1,0,0,54,1,-1.1114812649175514
993,100994,34,0,20,0,43,3,1,4,160,11,76,2,0,861,2,5,4,4,1,52,1,-1.08626082582746
994,100995,23,0,17,0,18,2,1,1,281,36,65,2,0,804,0,9,1,0,0,60,1,-1.0079368448560786
995,100996,23,0,3,0,16,0,0,8,282,26,66,1,0,697,1,12,5,3,0,48,1,-1.0059734165845864
996,100997,19,0,13,0,35,1,0,0,295,17,66,0,0,710,0,5,5,4,0,45,1,-0.9982268081614575
997,100998,22,0,26,0,33,3,0,0,216,16,72,0,0,741,0,8,7,4,0,39,1,-1.0489562124309146
998,100999,40,0,36,0,13,6,1,0,149,13,82,1,0,897,0,2,1,1,0,42,1,-1.2596435259383345
999,101000,26,0,33,0,29,1,1,0,227,18,79,3,0,912,1,6,2,1,2,46,1,-1.0894165061167818
