,id,tackles_r_count,offsides_r_count,total_shots_l,yellow_cards_r_count,shots_on_target_l,corners_l_count,goals_r_count,shots_on_target_r,passes_r,tackles_l_count,possession_l,goals_l_count,corners_r_count,passes_l,yellow_cards_l_count,free_kicks_r_count,free_kicks_l_count,fouls_r_count,offsides_l_count,ball_on_side_l,score,outlier
0,100000,41,0,13,0,22,2,0,0,223,20,75,1,1,779,1,9,4,2,0,46,0.129744778499988,1
1,100001,28,0,6,0,6,3,0,1,279,30,64,0,1,696,2,9,2,2,1,62,0.08791957725372046,1
2,100002,22,0,18,0,63,0,1,0,241,23,72,3,0,833,0,6,2,2,0,48,0.16145145961552593,1
3,100003,33,0,5,0,42,1,1,1,220,20,69,1,2,830,0,4,2,1,0,57,0.10756476480591687,1
4,100004,16,0,5,0,3,1,2,0,248,25,59,2,0,691,1,7,3,2,0,66,0.12748896831023582,1
5,100005,23,0,22,1,33,1,0,10,452,49,46,3,1,552,1,12,1,1,0,56,0.0054472564755890795,1
6,100006,24,0,7,0,32,0,0,0,263,22,61,0,0,827,0,13,3,2,0,56,0.15136603709067742,1
7,100007,32,0,9,0,55,2,2,0,157,11,81,3,0,879,0,3,4,3,0,41,0.09751003374496536,1
8,100008,33,0,19,0,25,1,2,5,325,29,63,3,1,670,0,11,3,3,0,48,0.1277284044744958,1
9,100009,38,0,9,0,5,2,0,0,246,19,72,1,0,757,0,6,5,5,0,36,0.13472249450395796,1
10,100010,33,0,28,0,32,0,0,0,165,14,79,0,0,950,0,2,1,1,0,49,0.10636655585697197,1
11,100011,34,0,15,0,13,3,1,2,321,24,59,1,0,727,1,8,1,1,1,47,0.1559286745920322,1
12,100012,23,0,36,0,49,1,1,0,276,29,63,2,0,778,2,11,3,3,0,46,0.12853733705284365,1
13,100013,23,1,24,0,10,1,1,9,345,25,51,0,0,738,1,15,2,1,0,54,0.08120704832542663,1
14,100014,20,0,49,0,28,2,1,0,191,18,74,1,1,881,1,6,1,2,0,37,0.08734520613645541,1
15,100015,20,0,24,0,57,2,0,0,323,21,66,2,0,795,1,7,1,1,1,32,0.12528967117312206,1
16,100016,31,0,17,0,44,2,0,0,225,22,69,0,0,751,1,8,2,4,1,45,0.17277133194585292,1
17,100017,26,0,16,0,22,2,1,0,254,25,68,2,0,762,0,9,3,3,1,35,0.16592185778419027,1
18,100018,25,0,7,0,61,1,1,0,245,21,64,1,0,753,0,7,3,2,0,43,0.18146903044864116,1
19,100019,28,1,0,2,7,0,4,10,301,25,58,3,1,646,2,10,5,3,0,60,-0.04796669836408174,-1
20,100020,21,1,29,0,46,2,1,2,225,13,76,3,0,895,0,6,1,0,0,50,0.09227077007578083,1
21,100021,18,0,10,0,12,0,1,23,331,24,61,1,0,573,0,9,1,0,0,59,0.10559337977660688,1
22,100022,27,0,5,0,5,2,0,10,354,26,65,0,0,766,1,10,1,0,0,51,0.14202294963646656,1
23,100023,13,0,26,0,47,1,1,1,450,32,48,1,0,533,3,18,2,1,0,53,0.006139192887769318,1
24,100024,24,0,10,0,6,0,2,0,246,19,63,0,0,797,1,12,1,1,0,58,0.14174176462702098,1
25,100025,37,0,5,0,16,1,1,2,289,26,63,0,0,619,1,12,4,4,0,57,0.13356321087748574,1
26,100026,34,0,10,0,21,1,1,9,187,15,72,1,0,948,0,4,4,2,0,47,0.16019267501512707,1
27,100027,32,0,34,0,57,0,1,0,283,20,69,2,0,749,1,8,4,4,0,36,0.14051774839264414,1
28,100028,23,0,7,0,22,2,2,13,262,29,60,3,1,763,0,13,3,3,1,58,0.10089712047292076,1
29,100029,26,0,0,0,8,4,1,0,232,22,69,1,1,694,0,8,4,4,0,49,0.1253812185613653,1
30,100030,31,0,13,1,24,4,1,0,211,20,65,0,0,652,1,12,3,2,2,54,0.05831798146829603,1
31,100031,31,0,18,0,27,1,0,3,198,13,71,3,0,682,1,7,4,4,1,44,0.1500682956693658,1
32,100032,31,1,12,0,19,1,5,2,248,20,62,0,2,665,0,5,7,3,0,62,3.698633970439236e-05,1
33,100033,29,0,5,0,6,2,1,0,184,20,71,1,0,720,1,7,4,2,1,49,0.16104211453568595,1
34,100035,28,0,40,0,59,2,0,0,286,28,59,0,1,731,0,10,3,3,0,46,0.1201061135427251,1
35,100036,33,0,13,0,19,2,2,0,248,19,65,3,0,729,0,10,2,1,1,48,0.16596648905851097,1
36,100037,47,0,3,0,14,2,1,6,225,27,68,1,0,862,0,9,0,0,0,55,0.12686005934600503,1
37,100038,14,0,29,0,20,4,1,0,245,13,69,5,0,852,0,8,1,1,1,43,0.10687221382057,1
38,100039,21,0,12,0,32,0,0,17,308,30,66,0,0,641,1,8,3,1,0,64,0.11167458996594748,1
39,100040,23,0,23,0,36,2,0,1,279,19,67,4,0,908,0,10,2,1,0,45,0.16065202787427513,1
40,100041,24,0,9,0,14,1,2,1,227,33,61,2,0,838,0,7,0,0,0,63,0.1292148439532655,1
41,100042,28,0,13,0,15,1,2,3,268,18,73,1,0,889,0,5,2,1,0,51,0.16728839977916987,1
42,100043,22,0,14,0,28,2,0,7,263,25,62,2,0,733,1,7,3,2,0,45,0.17645168562793173,1
43,100044,23,1,28,0,24,2,0,11,297,22,62,1,0,739,1,9,3,2,0,51,0.11876298295485255,1
44,100045,36,1,4,1,37,1,3,9,199,18,76,2,0,985,0,4,3,3,0,51,0.034209723459478925,1
45,100046,21,0,22,0,70,2,0,0,238,21,68,1,0,809,0,9,3,3,2,38,0.12241561440592369,1
46,100047,30,0,2,0,30,1,1,0,286,20,66,0,0,849,0,11,5,4,1,60,0.13337689137714848,1
47,100048,25,0,20,0,23,2,1,0,321,30,59,1,0,601,2,11,5,3,1,51,0.10039068317177796,1
48,100049,29,0,8,0,7,2,1,3,166,17,70,0,0,792,1,9,4,2,1,49,0.15768063106309477,1
49,100050,28,0,20,0,21,1,1,9,220,20,67,1,0,782,1,15,1,1,2,47,0.10189691094689585,1
50,100051,37,0,41,0,75,2,1,5,243,19,66,2,0,672,0,6,4,4,0,35,0.10194212056936525,1
51,100052,24,0,1,0,23,0,0,0,401,37,56,2,0,712,1,10,0,0,0,52,0.08341981645528163,1
52,100053,27,0,47,0,28,0,1,7,320,29,53,2,0,704,2,11,1,1,0,50,0.07048507221196443,1
53,100054,23,1,12,0,21,1,1,11,358,29,55,1,0,692,0,17,5,3,1,67,0.05145812364642388,1
54,100055,19,0,19,0,34,3,1,4,203,26,57,1,0,645,1,12,2,1,2,41,0.09809258903536788,1
55,100056,27,0,8,0,14,1,0,3,149,14,80,1,0,1032,0,5,5,4,0,60,0.10321125613234738,1
56,100057,43,0,18,1,36,2,0,1,240,21,75,0,0,849,0,6,5,8,1,51,0.06938661993116824,1
57,100058,28,0,20,0,37,1,1,0,311,24,64,3,0,696,0,8,4,3,0,42,0.17320637983801113,1
58,100059,40,0,14,0,47,1,0,0,258,22,70,0,0,759,0,9,1,1,0,40,0.1571622755947938,1
59,100060,25,0,22,0,16,1,0,4,360,35,58,3,0,778,0,14,1,1,0,48,0.11857441290143145,1
60,100061,25,0,25,0,3,1,1,7,321,23,65,1,1,713,1,9,4,2,0,46,0.1383731970610672,1
61,100062,24,0,23,0,20,1,0,0,197,14,71,1,0,919,0,6,2,2,1,55,0.16918859212774273,1
62,100063,33,0,11,0,35,2,0,0,223,17,72,1,0,986,0,5,4,4,0,45,0.15747918056468507,1
63,100064,20,0,6,0,28,1,1,4,229,27,72,1,0,921,0,7,1,1,1,49,0.1609109901882811,1
64,100065,28,0,10,0,33,4,1,0,253,26,64,1,0,612,1,10,2,3,0,43,0.1536032101688692,1
65,100066,35,0,31,0,22,3,0,0,265,15,69,1,1,746,0,6,1,1,0,36,0.11908963631002817,1
66,100067,31,0,7,0,20,0,1,14,377,22,60,1,1,667,0,12,2,1,0,55,0.12509699721955075,1
67,100068,25,0,28,0,43,0,0,1,278,17,68,1,0,672,0,9,2,2,0,36,0.15911969079011068,1
68,100069,20,2,13,0,15,2,0,10,318,24,56,1,1,618,1,8,5,2,0,56,0.0706761231074492,1
69,100070,20,0,15,0,39,1,1,0,336,25,61,3,0,779,1,13,1,1,0,47,0.12939612942164058,1
70,100071,28,1,2,0,5,0,1,3,260,22,64,2,0,759,0,9,4,2,0,62,0.12362050033638133,1
71,100072,20,0,34,0,28,0,0,0,320,28,62,2,0,732,0,10,5,4,0,46,0.13931419941386092,1
72,100073,21,0,12,0,17,0,0,3,246,27,68,1,0,876,0,7,1,0,0,50,0.1620044604431773,1
73,100074,25,0,41,0,54,0,1,2,265,16,73,3,0,837,0,8,4,3,0,39,0.12660219623057622,1
74,100075,36,0,41,0,35,0,0,0,300,20,64,0,0,761,2,11,2,3,0,39,0.10357538753447643,1
75,100076,26,0,10,0,5,1,1,0,233,25,67,1,0,820,1,10,1,1,0,64,0.15752239993651512,1
76,100077,39,0,14,0,14,2,2,0,315,22,72,2,0,887,0,5,1,1,0,51,0.14170820490868674,1
77,100078,17,0,13,0,23,1,0,1,226,19,61,1,1,817,1,10,6,2,0,67,0.09629037239542126,1
78,100079,27,0,20,0,17,2,0,0,314,27,59,0,0,628,2,15,1,0,1,43,0.08421247923123293,1
79,100080,49,0,26,0,31,2,1,0,198,16,75,2,0,889,0,5,2,1,0,50,0.15006551863186363,1
80,100081,30,0,8,0,32,1,2,6,313,26,64,2,1,696,0,8,3,2,0,34,0.13116689664040115,1
81,100082,23,0,2,0,28,0,1,11,303,28,58,2,1,658,2,9,2,2,0,50,0.10208382120221299,1
82,100083,34,0,7,0,41,0,4,3,311,21,61,1,0,809,2,8,2,1,0,55,0.1047999930626774,1
83,100084,43,0,17,0,8,0,0,3,295,30,66,1,0,858,2,8,4,4,0,57,0.11759275209735559,1
84,100085,22,0,20,0,30,0,2,1,353,30,58,2,1,735,1,15,3,3,0,65,0.08112964959652497,1
85,100086,40,0,15,0,29,4,1,0,167,21,73,1,0,714,1,5,3,3,1,50,0.13491078331435347,1
86,100087,31,0,26,0,41,2,1,0,217,17,66,1,0,732,0,7,3,2,0,34,0.16159513669157277,1
87,100088,36,0,13,0,7,2,1,4,239,18,72,2,2,792,0,6,2,1,0,43,0.10590557369016712,1
88,100089,34,0,7,0,2,1,1,5,143,20,76,2,0,963,1,5,4,3,0,57,0.1250659692186043,1
89,100090,24,0,10,0,14,1,4,1,327,22,65,2,0,825,0,5,0,0,0,64,0.10748643409990916,1
90,100091,36,0,18,0,73,2,0,11,307,18,66,2,2,797,0,8,3,2,0,39,0.07218751039534554,1
91,100092,26,0,16,1,16,2,0,0,222,17,68,1,0,806,0,9,2,1,1,38,0.127902102087668,1
92,100093,30,0,9,0,11,2,2,10,249,13,67,1,1,847,0,10,4,3,1,44,0.12547416550103851,1
93,100094,22,0,28,0,38,0,0,0,337,30,53,3,1,738,0,9,0,0,0,42,0.07645386007207294,1
94,100095,18,0,12,0,3,2,3,1,289,25,56,0,0,555,2,10,3,1,1,63,0.064985978163418,1
95,100096,18,0,23,0,31,1,3,0,279,20,64,4,0,709,1,8,2,0,0,64,0.09756459569066112,1
96,100097,34,0,39,0,60,2,1,2,186,16,73,2,0,880,0,7,4,5,0,40,0.1346720080156445,1
97,100098,29,0,8,0,23,2,2,7,205,19,73,0,2,750,1,7,3,3,2,58,0.04943243315567547,1
98,100099,24,0,6,0,4,2,0,12,164,23,75,1,1,832,0,8,2,2,0,67,0.09903959603160528,1
99,100100,28,0,16,0,12,3,0,2,242,11,71,1,0,761,0,7,2,1,2,50,0.13789623769743614,1
100,100101,31,0,23,0,31,1,0,2,296,17,72,1,1,809,0,4,5,4,1,43,0.13396224937814905,1
101,100102,25,0,44,0,19,2,0,1,248,25,63,1,0,706,0,14,4,5,2,43,0.08391827158170523,1
102,100103,26,0,16,0,18,2,1,0,275,17,68,2,0,953,1,10,2,0,0,53,0.15467600853912972,1
103,100104,29,0,1,0,11,2,1,0,270,27,61,1,0,647,1,12,2,1,1,55,0.14511726284136334,1
104,100105,27,1,3,0,28,2,0,6,224,25,59,0,0,705,2,11,3,2,0,51,0.09155422313345668,1
105,100106,24,0,9,0,23,1,0,0,337,25,55,0,0,631,1,10,0,0,0,51,0.12718793699343506,1
106,100107,30,0,9,0,26,2,0,0,261,18,65,0,0,657,1,11,3,3,1,49,0.16731895642596795,1
107,100108,28,0,7,0,13,1,1,16,288,23,64,1,0,765,1,10,0,0,0,58,0.1385465723710188,1
108,100109,29,0,7,0,42,2,2,1,316,23,62,2,0,737,1,12,5,4,1,51,0.12924418266294563,1
109,100110,33,0,16,0,68,0,1,8,307,20,66,4,0,815,0,8,3,3,0,37,0.12561274166462438,1
110,100111,34,0,34,0,67,2,1,0,210,15,74,3,1,924,0,4,3,3,1,47,0.0867213654817548,1
111,100112,26,0,22,0,13,1,1,8,215,17,73,1,0,947,0,5,3,3,0,55,0.17010775216559515,1
112,100113,30,0,18,0,32,1,0,4,308,29,53,0,0,674,1,13,5,2,0,63,0.09961769116656,1
113,100114,31,0,13,0,17,1,0,7,180,19,72,1,0,795,1,4,3,1,0,49,0.16413618201945357,1
114,100115,20,0,15,0,20,2,2,13,274,20,65,0,1,752,0,10,2,1,1,60,0.1278679995990687,1
115,100116,31,0,12,0,23,0,2,1,224,14,67,1,0,787,0,5,3,0,0,65,0.13918594200415202,1
116,100117,21,1,13,0,21,1,1,0,373,30,61,2,0,762,0,14,1,1,0,51,0.10601498775151619,1
117,100118,31,0,20,0,26,0,0,0,242,20,66,1,0,929,0,6,3,5,0,47,0.16586400974332155,1
118,100119,21,0,33,0,41,1,2,3,279,29,66,2,1,786,1,7,4,3,0,47,0.12616414109856694,1
119,100120,30,0,42,0,28,2,1,2,342,27,63,1,0,731,1,8,4,4,1,53,0.12280999607005083,1
120,100121,37,1,25,0,27,1,2,10,228,30,65,0,0,818,0,9,2,2,0,60,0.084390288088392,1
121,100122,35,0,2,1,31,2,0,0,202,10,76,1,0,806,0,6,5,4,1,54,0.08907654366063589,1
122,100123,24,0,12,0,54,0,0,0,240,28,60,4,0,876,2,12,0,1,0,61,0.07177925574213934,1
123,100124,25,1,29,0,4,0,0,4,198,14,73,1,1,882,2,7,6,5,0,63,0.03170369870778367,1
124,100125,26,0,18,0,30,0,0,0,282,18,66,1,0,774,0,8,6,4,0,50,0.15572193004837537,1
125,100126,29,0,8,0,31,3,0,1,189,13,71,2,0,819,1,7,5,3,1,45,0.14191110866432327,1
126,100127,23,0,25,0,48,1,0,0,192,14,74,3,0,969,1,7,1,3,0,43,0.12627688896029865,1
127,100128,17,0,13,0,18,1,1,1,321,13,62,1,0,681,0,8,3,2,1,49,0.16200452594655163,1
128,100129,26,0,1,0,32,1,0,4,251,14,68,1,0,778,1,9,3,3,0,56,0.17819638199268023,1
129,100130,26,0,16,0,17,1,0,19,273,25,69,2,0,873,0,13,3,1,1,60,0.12183945698590881,1
130,100131,20,1,3,0,7,1,1,2,245,18,58,0,1,650,0,8,3,1,0,55,0.10204841232467698,1
131,100132,25,0,2,0,24,3,1,1,253,28,67,2,0,736,1,11,1,1,1,40,0.14658776217472302,1
132,100133,27,0,9,0,5,1,0,0,161,19,74,1,0,937,1,7,1,1,1,65,0.10803105464016566,1
133,100134,34,0,3,0,22,2,1,10,181,13,72,2,1,896,1,7,1,1,0,62,0.10357042495380214,1
134,100135,32,0,11,0,4,2,0,3,224,19,71,0,0,812,0,7,3,3,0,57,0.17970294644083157,1
135,100136,17,1,11,0,39,1,1,2,293,25,55,0,2,635,1,14,2,1,1,60,0.020065938388765137,1
136,100137,22,0,26,0,29,2,0,0,258,25,65,1,0,647,1,11,3,3,1,52,0.16036035462537268,1
137,100138,29,0,10,0,45,3,0,1,207,18,75,2,0,744,0,9,6,4,0,44,0.14294203831007452,1
138,100139,24,2,7,0,14,0,0,3,290,35,60,0,2,858,0,8,3,1,0,72,0.015101112842534237,1
139,100140,37,0,0,0,20,0,1,1,316,29,62,3,0,804,0,9,3,3,0,65,0.1324512426029809,1
140,100141,36,0,8,0,12,1,3,17,239,23,69,0,0,789,1,9,1,1,0,58,0.1290903722888273,1
141,100142,18,0,23,0,32,1,0,0,279,32,62,5,0,799,0,11,2,3,0,58,0.13396014498395392,1
142,100143,25,0,15,0,6,1,1,5,389,34,44,1,0,479,0,18,0,0,0,67,0.01593927035006948,1
143,100144,23,0,12,0,19,1,0,0,270,15,75,2,0,929,0,6,3,3,1,52,0.16481262645131828,1
144,100145,35,0,14,0,39,2,1,4,231,16,69,4,0,828,1,8,4,5,0,33,0.10524663210489732,1
145,100146,22,0,11,0,5,1,1,3,238,35,62,1,1,709,1,16,4,4,1,44,0.08903395011690163,1
146,100147,33,0,35,0,17,2,2,2,181,17,76,2,0,946,0,5,2,2,0,47,0.13680151195022439,1
147,100148,18,0,5,0,6,0,2,0,234,26,63,3,0,838,0,11,0,0,0,54,0.11436529605962448,1
148,100149,20,0,18,0,38,1,1,0,311,23,59,0,0,682,0,7,2,2,0,47,0.17714191891118125,1
149,100150,27,1,10,0,44,2,1,2,259,25,63,2,0,770,1,5,6,3,0,55,0.10092724713668294,1
150,100151,27,0,27,0,26,4,0,0,237,16,72,0,0,863,0,8,2,1,1,49,0.16731861744204313,1
151,100152,26,0,0,0,10,2,0,6,252,20,64,0,1,721,1,10,4,2,0,51,0.14668792696061872,1
152,100153,26,0,8,0,7,1,0,1,225,27,66,0,0,900,1,8,3,2,0,68,0.1429037925584049,1
153,100154,37,0,5,0,4,2,0,1,221,19,66,0,0,824,0,7,4,4,0,54,0.15591797262931045,1
154,100155,25,0,10,0,22,0,1,7,317,29,51,1,2,642,2,12,6,6,0,51,0.006294265523998699,1
155,100156,26,0,8,0,45,0,1,18,289,18,67,1,0,763,1,8,2,1,0,41,0.15818605324647822,1
156,100157,25,0,34,0,37,0,1,13,329,19,65,1,1,878,1,8,4,3,0,57,0.12259805087380521,1
157,100158,25,0,34,0,48,1,0,0,267,27,58,1,0,755,2,10,5,4,0,38,0.10481138601423723,1
158,100159,10,1,21,0,52,3,0,1,325,22,49,4,1,559,0,17,4,1,2,50,-0.017251923413446613,-1
159,100160,26,1,10,0,17,1,0,7,319,27,55,0,1,675,0,12,4,5,0,53,0.07331855689447309,1
160,100161,27,0,18,0,18,0,1,8,247,21,67,0,1,761,0,9,5,3,0,53,0.1490306270566139,1
161,100162,31,0,5,0,55,2,2,13,239,17,67,2,0,756,0,7,2,2,0,49,0.16245501365032905,1
162,100163,23,0,7,0,27,0,1,10,332,35,57,1,0,679,1,13,3,2,0,52,0.1348618848988099,1
163,100164,15,0,19,0,45,2,1,0,275,20,69,1,0,798,0,8,3,2,0,43,0.17650095333784144,1
164,100165,40,0,26,0,22,3,1,0,197,21,73,0,0,881,2,7,6,6,1,43,0.06267984430837314,1
165,100166,16,0,36,0,47,0,1,6,281,20,58,0,0,813,1,9,1,1,0,57,0.13218752699215636,1
166,100167,25,0,13,0,68,4,0,1,309,19,62,3,0,692,0,10,1,0,1,48,0.11994234369373524,1
167,100168,31,0,12,0,27,0,1,0,291,23,66,1,0,817,1,10,6,6,1,53,0.11281238658915987,1
168,100169,17,0,38,0,20,1,1,0,274,24,61,0,0,791,0,11,1,1,1,54,0.13333097809596195,1
169,100170,34,0,4,0,26,0,1,0,272,19,69,2,0,887,0,3,3,2,0,58,0.1477774951147135,1
170,100171,19,0,32,0,67,3,0,0,197,21,69,0,1,859,0,8,4,2,0,40,0.11449233077894488,1
171,100172,26,1,2,0,21,0,2,0,279,21,67,0,0,715,0,10,6,5,0,58,0.074129251973856,1
172,100173,26,0,7,1,6,1,1,3,345,24,66,0,0,654,0,8,5,4,1,41,0.09218088396348117,1
173,100174,26,0,25,0,46,0,2,1,389,37,56,4,0,658,0,11,2,1,0,56,0.10832077354622954,1
174,100175,30,0,3,0,13,2,1,12,235,21,66,0,1,834,0,7,3,2,1,58,0.1406513537401285,1
175,100176,27,0,5,0,11,0,2,1,229,18,71,2,1,920,0,4,2,2,0,51,0.13185955583452713,1
176,100177,29,0,13,0,3,2,1,5,228,21,69,0,0,682,0,11,4,4,1,59,0.14644802397335455,1
177,100178,34,0,19,1,33,2,0,6,319,19,69,3,0,860,0,3,4,3,0,47,0.10525750917368776,1
178,100179,27,0,12,0,30,0,1,0,314,31,58,1,1,799,0,13,1,1,0,50,0.12318993362699682,1
179,100180,36,0,24,0,67,6,0,3,219,16,77,1,0,826,0,5,5,4,0,40,0.0922382932290221,1
180,100181,24,0,6,0,10,2,2,0,227,23,65,2,1,663,1,10,2,0,0,57,0.11168265917186321,1
181,100182,30,0,23,0,50,1,0,0,148,4,86,3,0,1157,0,3,5,4,1,47,0.06327966454628431,1
182,100183,33,0,17,0,15,1,1,9,191,23,66,2,1,701,1,10,5,2,0,65,0.11382673890656686,1
183,100184,35,0,37,0,36,5,1,0,190,15,79,0,0,914,1,5,1,1,2,38,0.06098624467896219,1
184,100185,27,0,4,0,19,1,2,1,254,14,66,0,1,803,0,4,2,1,1,57,0.13904155608293323,1
185,100186,24,0,13,0,90,2,0,0,265,19,58,5,1,754,0,7,1,1,1,45,0.073410157881446,1
186,100187,21,0,5,0,67,0,1,12,349,26,61,4,0,680,0,9,1,1,0,56,0.11096309692601108,1
187,100188,25,0,20,0,9,3,0,2,278,23,61,1,0,716,0,10,1,1,1,44,0.16728109573058308,1
188,100189,22,0,3,1,23,1,4,6,288,30,62,0,0,693,0,12,4,3,0,62,0.06834578084327325,1
189,100190,19,0,1,0,30,1,0,1,173,19,74,1,0,1146,1,8,3,4,0,60,0.09585212979277746,1
190,100191,25,0,3,0,24,0,2,4,335,23,56,2,0,724,0,8,1,1,0,48,0.1548629659537512,1
191,100192,26,0,29,0,38,0,1,0,219,16,70,2,0,1006,0,6,0,2,0,49,0.13236835405145086,1
192,100193,19,0,19,0,15,0,0,0,295,15,72,2,0,805,1,5,0,0,0,50,0.13079375477895067,1
193,100194,21,0,40,0,41,1,2,1,318,28,53,1,0,694,0,15,1,2,0,48,0.08933679806783229,1
194,100195,41,0,1,0,20,1,0,10,229,19,75,0,1,918,0,6,6,6,0,52,0.061854834684628934,1
195,100196,32,0,14,0,5,0,0,4,207,14,72,0,0,958,0,6,3,2,0,53,0.15096284615787736,1
196,100197,22,1,30,0,71,0,1,10,350,33,57,2,0,692,0,11,2,0,0,49,0.07464266103179623,1
197,100198,23,0,7,0,25,1,1,6,295,25,65,1,1,846,1,8,1,3,2,54,0.10113932670522147,1
198,100199,13,0,26,0,8,3,1,7,293,24,59,2,1,839,0,13,0,0,1,50,0.07175616385849887,1
199,100200,28,0,0,0,31,0,1,1,240,19,73,1,0,837,0,7,7,6,0,50,0.12013891140224675,1
200,100201,33,0,25,0,18,2,0,3,216,14,69,1,0,762,0,10,2,2,2,40,0.13470291521385802,1
201,100202,29,0,11,0,6,0,1,4,292,15,68,1,0,834,1,4,1,1,0,54,0.1471541645628967,1
202,100203,34,0,6,0,10,2,1,0,281,24,63,2,0,662,0,9,5,5,1,53,0.14296019531205734,1
203,100204,23,0,11,0,17,1,0,10,172,14,73,1,0,983,0,7,3,2,0,52,0.15505564388358356,1
204,100205,22,0,26,1,13,0,0,1,339,25,62,3,0,722,0,8,3,3,0,53,0.12673270205114345,1
205,100206,22,1,1,0,23,1,0,5,248,24,66,0,0,827,1,7,2,1,0,53,0.1320516271558118,1
206,100207,37,0,28,0,23,0,1,8,290,26,68,1,0,846,0,9,1,0,0,51,0.15136349941469557,1
207,100208,27,0,22,0,71,1,0,2,231,16,70,1,0,788,1,9,3,3,0,47,0.1613061182775576,1
208,100209,20,0,26,0,46,0,1,0,296,23,59,2,0,742,1,13,2,2,1,49,0.13622849410384252,1
209,100210,25,0,7,0,12,0,1,0,259,28,62,3,0,711,0,16,3,1,0,58,0.12713231505434897,1
210,100211,24,0,9,0,24,1,3,8,272,16,67,1,0,747,0,8,0,1,0,65,0.13986050242660653,1
211,100212,28,0,11,0,13,0,2,1,283,15,63,1,0,810,0,9,2,3,0,47,0.18079543601658138,1
212,100213,25,0,13,0,23,1,1,0,253,17,69,0,0,727,0,8,2,1,0,48,0.196986095072688,1
213,100214,25,0,7,0,20,0,2,0,286,25,63,0,2,735,1,8,2,2,0,56,0.09925425286344891,1
214,100215,18,0,13,0,64,2,2,1,265,18,68,2,0,839,0,5,0,2,0,41,0.13356377168514988,1
215,100216,26,0,0,0,16,0,0,3,223,20,67,1,0,862,0,10,3,3,0,53,0.1844258431437199,1
216,100217,28,0,11,0,8,2,2,18,370,36,54,0,1,607,1,11,2,2,1,59,0.07305672432530563,1
217,100218,35,0,7,0,9,2,1,2,350,28,60,1,0,728,0,11,0,0,0,48,0.13746196833968743,1
218,100219,47,1,28,0,18,2,0,7,227,21,71,1,0,778,0,7,4,3,0,54,0.12755413342930427,1
219,100220,22,0,21,0,12,2,1,4,225,23,64,0,0,760,0,13,3,2,0,52,0.15824575991786288,1
220,100221,23,0,5,0,48,1,1,10,303,20,65,1,1,852,1,8,4,3,0,43,0.1404966691565655,1
221,100222,31,0,18,0,13,3,1,0,184,18,68,1,0,762,0,5,4,6,0,41,0.1496328555280098,1
222,100223,35,0,24,0,24,1,1,0,268,15,74,0,0,858,0,6,4,4,0,43,0.15486324096706788,1
223,100224,29,0,13,0,7,2,1,0,265,17,72,2,0,699,1,9,3,3,2,42,0.12450897274186462,1
224,100225,22,0,17,0,30,2,1,8,243,14,71,2,0,880,0,8,1,1,1,50,0.1650530233476823,1
225,100226,25,0,5,0,14,1,1,9,264,24,66,1,0,745,0,8,4,2,1,68,0.15840903101968729,1
226,100227,34,0,11,0,17,2,1,5,244,16,73,0,0,770,0,5,3,3,0,50,0.17345802183056486,1
227,100228,23,0,17,0,35,3,1,5,305,21,65,1,1,612,0,11,3,1,3,51,0.08447236769383265,1
228,100229,31,0,9,0,70,0,0,8,298,22,68,4,0,813,0,6,5,4,0,49,0.11542680292128726,1
229,100230,27,0,5,0,10,2,2,11,220,18,67,1,0,702,1,5,3,2,0,48,0.1492599646921821,1
230,100231,40,0,27,0,17,1,0,1,194,25,73,0,0,838,0,9,4,3,1,42,0.14758469989505513,1
231,100232,26,0,36,0,51,2,1,0,271,26,65,3,0,728,2,9,2,2,0,40,0.12420428357524882,1
232,100233,24,0,0,0,8,0,2,7,343,35,50,0,2,676,2,11,3,4,0,74,-0.015350001442808736,-1
233,100234,10,0,18,0,32,1,2,0,353,38,51,0,0,665,1,14,2,1,1,68,0.04025745639599476,1
234,100235,21,0,0,0,0,1,2,10,268,26,61,0,0,646,1,13,1,0,0,67,0.09593006535360582,1
235,100236,23,0,22,0,45,2,1,1,224,18,65,1,0,729,0,12,2,1,1,40,0.1658636583843161,1
236,100237,27,0,12,0,3,1,3,10,255,17,68,0,0,846,0,7,1,1,0,59,0.1454532148173594,1
237,100238,26,0,19,0,53,2,0,0,281,25,71,0,0,863,0,4,2,1,0,47,0.15829308953012755,1
238,100239,18,0,7,0,16,2,2,0,197,14,66,1,1,760,1,8,5,3,0,35,0.08152132290084035,1
239,100240,19,0,24,0,20,2,2,2,200,15,67,1,0,972,0,7,1,1,1,51,0.14863217861088057,1
240,100241,31,1,38,0,24,0,0,4,263,26,72,1,0,958,0,4,2,1,0,60,0.10381824168493853,1
241,100242,44,0,37,0,8,0,3,0,244,17,67,0,1,825,0,6,3,3,0,53,0.11164064481417318,1
242,100243,39,0,0,0,4,0,1,10,337,24,57,1,0,723,0,9,3,2,0,70,0.12289052992257182,1
243,100244,20,0,13,0,10,1,2,3,259,26,62,2,1,761,1,12,2,2,0,56,0.1344549193947815,1
244,100245,14,0,26,0,33,3,0,4,336,22,59,3,0,740,1,11,1,1,2,44,0.08378054655343464,1
245,100246,32,0,6,0,24,3,0,1,282,26,64,2,0,689,0,10,6,2,0,44,0.15345526318741703,1
246,100247,31,0,8,0,10,1,1,0,301,24,65,0,0,696,1,8,2,0,1,50,0.16014124599675872,1
247,100248,16,1,21,0,21,0,2,6,325,29,57,1,1,688,1,12,1,0,0,49,0.06560259965054449,1
248,100249,30,0,8,0,10,4,0,9,212,22,74,0,0,831,0,6,2,0,0,50,0.13662210013094123,1
249,100250,43,0,7,1,5,1,0,8,320,27,66,0,0,883,0,7,2,2,0,63,0.08394038177635699,1
250,100251,22,0,51,0,34,5,0,1,185,15,72,1,0,810,0,9,2,1,0,33,0.11604058557323338,1
251,100252,27,1,8,0,21,0,0,3,248,22,65,2,1,763,0,10,4,1,0,59,0.12425471002262073,1
252,100253,24,0,0,1,9,0,0,7,290,21,66,0,0,822,1,7,3,2,0,74,0.10767083769954755,1
253,100254,23,0,30,0,40,1,1,2,306,27,61,1,0,774,0,9,2,1,0,41,0.16745707163841067,1
254,100255,31,0,21,0,18,1,1,4,295,27,61,1,0,721,0,8,2,2,0,49,0.1880293758508627,1
255,100256,26,0,16,0,18,1,1,2,253,21,68,0,0,730,1,10,5,4,1,43,0.15866407711998992,1
256,100257,24,0,9,0,9,2,1,4,288,22,64,0,0,566,0,12,3,3,2,56,0.11079145162037407,1
257,100258,25,1,9,0,23,2,0,2,256,14,73,4,0,860,0,3,2,1,0,38,0.09609678735639426,1
258,100259,30,0,21,0,18,4,1,0,295,28,61,2,0,827,1,10,2,2,0,44,0.14878519838136445,1
259,100260,38,0,16,0,58,2,0,3,260,30,68,6,0,852,0,10,3,3,0,45,0.13909743456487578,1
260,100261,31,0,19,0,27,1,1,1,205,17,72,3,0,807,1,9,1,1,1,49,0.16040371794148955,1
261,100262,32,0,9,0,24,2,0,0,263,28,65,0,1,684,0,8,4,4,1,37,0.12519184350142032,1
262,100263,31,0,19,0,90,1,1,0,231,17,67,1,0,797,0,10,4,4,0,38,0.12897351016425102,1
263,100264,28,0,12,0,16,0,1,11,183,19,72,1,0,984,1,5,3,2,0,66,0.12886102391961674,1
264,100265,29,0,27,0,12,2,0,3,246,19,67,1,0,783,0,7,5,4,0,45,0.1720413189024757,1
265,100266,19,0,9,0,32,1,0,4,362,39,49,3,1,686,0,14,0,0,0,59,0.033178409407022214,1
266,100267,25,0,9,0,22,2,0,0,302,26,63,0,0,783,1,9,1,0,0,51,0.15881606811392435,1
267,100268,29,0,3,0,11,1,2,3,242,19,70,1,0,787,0,4,2,2,0,59,0.16867764897707999,1
268,100269,20,0,17,0,31,3,0,2,181,21,68,2,0,791,2,10,1,1,1,50,0.13056561583037857,1
269,100270,39,0,35,0,47,3,0,0,223,21,72,1,0,752,0,6,2,2,0,40,0.15501195234862852,1
270,100271,28,0,22,0,14,2,1,0,199,12,80,1,0,880,0,4,3,2,1,58,0.15109723474091996,1
271,100272,22,0,7,0,16,0,0,0,337,30,60,1,0,681,1,9,0,0,0,63,0.11408610190737528,1
272,100273,28,0,20,0,33,3,0,7,267,18,67,3,0,819,0,2,1,1,0,53,0.13339468886844486,1
273,100274,26,0,9,0,34,0,0,2,189,10,76,1,0,993,0,4,1,0,0,57,0.11674186440905526,1
274,100275,26,0,14,1,40,1,1,6,282,29,61,4,1,765,0,11,6,4,0,47,0.0558408248983393,1
275,100276,18,0,5,1,12,0,0,5,321,30,56,3,0,735,0,14,3,2,0,60,0.07168068115632492,1
276,100277,25,1,13,0,13,1,3,0,260,17,65,1,0,764,1,8,4,4,1,53,0.0982169108349305,1
277,100278,24,0,29,0,41,1,0,2,264,20,68,1,0,805,1,5,3,3,0,41,0.17048219617876836,1
278,100279,28,1,16,0,17,1,0,10,248,21,65,1,0,775,0,10,4,3,0,50,0.15099980816714748,1
279,100280,22,0,2,0,2,0,2,2,239,25,70,1,0,901,0,8,4,2,0,74,0.1328218724708135,1
280,100281,15,0,36,0,74,0,0,15,319,26,66,1,1,867,1,10,3,3,0,44,0.06300003650475583,1
281,100282,26,0,1,0,16,2,1,1,181,21,64,0,1,724,1,10,2,1,0,57,0.13958745430777864,1
282,100283,26,0,26,0,35,2,0,0,285,26,68,1,0,782,0,7,3,2,0,42,0.18731425992074247,1
283,100284,23,1,2,0,8,2,2,1,222,21,67,0,0,631,0,12,5,3,1,44,0.07206429705117717,1
284,100285,30,0,26,0,32,1,0,5,188,20,71,3,0,858,0,5,2,2,0,36,0.15519696801514676,1
285,100286,32,0,0,0,26,0,3,9,241,16,68,0,1,766,0,6,3,2,0,71,0.0962851263074635,1
286,100287,15,0,19,0,51,1,1,1,230,14,65,1,0,944,0,6,3,1,1,48,0.1493053679130782,1
287,100288,40,1,7,0,19,1,1,3,287,23,67,1,0,780,0,10,5,3,0,65,0.10958638386728131,1
288,100289,24,0,5,0,40,1,0,5,321,29,61,3,0,750,0,13,2,1,0,54,0.1510918169756572,1
289,100290,23,0,32,1,27,1,0,7,233,19,67,2,0,786,0,11,3,3,0,47,0.1224596329764912,1
290,100291,36,0,8,0,21,0,1,1,178,19,79,3,0,909,0,2,5,4,0,41,0.09627737266180691,1
291,100292,28,0,36,0,49,2,0,2,281,15,67,3,0,818,2,8,1,2,0,44,0.12632553551482845,1
292,100293,26,0,24,0,15,0,0,0,246,16,72,1,0,998,0,6,1,1,1,45,0.14543285068190975,1
293,100294,35,0,12,0,1,2,0,1,200,22,67,1,1,800,0,8,4,3,1,55,0.13440595539640005,1
294,100295,34,0,23,0,78,2,0,6,298,21,61,1,1,811,1,6,7,6,0,50,0.03634640068337247,1
295,100296,28,0,1,0,13,1,0,3,242,19,68,1,0,860,1,6,2,2,1,58,0.15792491956537058,1
296,100297,19,0,27,0,41,2,1,15,298,26,55,1,0,689,0,13,3,1,2,51,0.08525991579226794,1
297,100298,31,0,10,0,25,0,1,1,298,24,65,2,0,725,1,8,2,2,0,44,0.178972415839176,1
298,100299,17,0,2,0,29,0,0,17,395,27,57,0,0,645,0,5,4,2,0,61,0.08092085477441852,1
299,100300,34,0,29,0,52,4,1,1,270,16,72,4,0,945,0,7,1,1,0,35,0.10057410976214237,1
300,100301,24,0,41,0,24,1,0,15,240,21,71,3,0,868,0,4,3,3,0,40,0.1262371158701529,1
301,100302,20,0,2,0,2,0,0,0,185,7,78,0,0,956,2,3,0,0,0,61,0.03584443792019143,1
302,100303,16,0,27,0,17,1,0,1,201,20,61,0,0,654,1,12,3,0,1,40,0.11663616492063661,1
303,100304,32,0,2,1,4,0,0,1,274,23,61,1,0,688,0,6,5,4,0,63,0.09001416710865534,1
304,100305,34,0,19,0,17,2,0,9,319,24,57,0,1,791,0,12,1,0,0,44,0.11321016078703061,1
305,100306,20,0,10,0,30,1,1,15,315,26,59,2,1,735,0,7,1,2,1,54,0.1155919838485589,1
306,100307,26,0,17,0,72,2,0,1,380,25,57,1,0,685,0,10,2,2,0,47,0.13621894979258442,1
307,100308,31,0,8,0,45,0,0,3,317,23,61,2,0,665,0,11,2,1,0,47,0.16924519970198787,1
308,100309,31,1,11,0,6,1,3,4,219,19,66,0,1,741,1,7,5,2,0,59,0.08492117231525892,1
309,100310,28,0,10,0,22,3,1,7,222,16,70,0,0,641,0,10,6,4,1,38,0.11940464160777065,1
310,100311,31,0,50,0,17,2,0,0,241,17,73,1,0,806,2,8,6,5,1,35,0.053133473735970216,1
311,100312,22,1,15,0,11,1,0,3,254,23,64,0,0,665,0,12,4,3,1,45,0.10369836426691675,1
312,100313,23,0,19,0,30,0,1,4,318,25,61,2,0,777,0,11,5,1,0,42,0.16190553090604576,1
313,100314,20,1,13,0,16,0,0,0,214,23,65,1,0,834,1,10,3,2,0,63,0.12386943359155683,1
314,100315,25,0,15,0,9,0,1,5,301,25,61,3,2,770,0,7,4,4,0,59,0.0908750284105892,1
315,100316,29,0,31,0,9,0,1,0,323,30,59,1,0,639,0,12,4,3,1,40,0.11614111105628844,1
316,100317,25,0,11,0,13,0,2,5,260,22,66,4,0,837,0,8,1,2,0,51,0.15931465374491366,1
317,100318,18,0,4,0,28,1,1,0,279,24,64,2,0,774,2,11,3,3,0,56,0.14650095144584951,1
318,100319,33,0,3,1,37,0,0,15,245,28,62,2,1,655,0,14,5,4,0,61,0.024778547779623405,1
319,100320,34,1,14,0,37,0,2,6,270,22,60,1,0,763,0,12,6,6,1,56,0.04331946021324107,1
320,100321,16,0,1,0,45,0,1,5,364,24,57,1,1,709,0,11,2,1,0,48,0.11984652641297788,1
321,100322,18,0,20,0,48,2,0,7,247,20,66,0,0,783,0,9,2,0,0,35,0.13286377624421902,1
322,100323,27,0,17,0,10,0,0,1,261,23,67,0,0,767,1,10,4,3,0,50,0.17513352819835726,1
323,100324,28,0,8,0,19,0,1,1,194,15,77,1,0,994,1,5,1,0,0,55,0.11373525580739663,1
324,100325,31,0,3,0,7,0,0,0,209,24,70,0,0,897,1,9,0,0,0,56,0.11393836055033801,1
325,100326,40,0,33,0,51,2,0,2,225,19,73,1,0,859,0,7,5,5,0,37,0.12742464510136908,1
326,100327,25,0,6,0,15,1,1,7,333,28,60,1,1,724,1,9,3,3,0,64,0.1313997491261782,1
327,100328,34,0,14,0,38,1,0,2,334,32,61,1,0,674,2,11,3,1,0,48,0.13697477583197765,1
328,100329,32,0,4,0,20,3,0,7,210,14,76,0,0,712,0,6,2,2,0,40,0.14265027915606987,1
329,100330,22,0,6,0,26,0,2,7,333,28,55,1,0,586,1,12,2,0,0,45,0.12032129157064803,1
330,100331,21,1,10,0,10,1,0,9,244,22,69,1,0,707,0,8,6,4,1,60,0.08737476135982247,1
331,100332,50,0,32,0,23,0,0,6,272,15,69,3,0,989,0,7,2,3,1,51,0.10773355725675932,1
332,100333,30,0,7,0,61,2,2,2,248,20,70,0,0,737,1,10,3,3,1,47,0.14762457339303314,1
333,100334,22,0,16,0,31,0,1,8,360,29,50,1,0,543,0,14,6,3,0,61,0.0694518837660269,1
334,100335,23,0,37,0,28,0,1,0,228,16,68,1,0,896,0,10,2,1,1,56,0.15352801942158195,1
335,100336,34,1,16,0,28,3,1,14,254,18,59,1,0,691,0,13,2,0,1,59,0.06018301262490211,1
336,100337,34,0,9,0,11,2,1,7,215,22,67,0,0,603,0,11,4,3,1,46,0.15221386256079789,1
337,100338,21,0,26,0,70,2,1,1,170,12,72,2,0,806,2,7,3,2,1,53,0.11418270541775954,1
338,100339,34,0,2,0,21,0,2,11,295,31,61,0,0,688,0,13,1,2,0,47,0.11274722822491379,1
339,100340,24,0,7,0,13,0,1,0,305,19,64,0,0,661,0,10,4,3,0,51,0.176167055062753,1
340,100341,34,0,22,0,9,3,0,4,156,9,83,1,0,929,0,3,1,1,2,43,0.06268534627167899,1
341,100342,34,0,32,0,50,4,1,0,178,9,76,0,0,858,1,6,0,0,1,37,0.08093323149701748,1
342,100343,23,0,10,0,16,1,1,0,258,23,67,0,0,579,0,11,3,1,0,44,0.16613343924938723,1
343,100344,24,0,18,0,22,2,0,0,207,13,75,1,0,863,1,7,2,2,0,59,0.15561588079970196,1
344,100345,28,0,23,0,11,2,0,0,211,18,75,1,0,976,0,4,1,0,0,36,0.1261998576503311,1
345,100346,26,0,4,0,15,1,0,3,210,17,78,1,0,1009,0,7,4,3,0,56,0.15060756183239443,1
346,100347,25,0,9,1,20,1,0,1,307,29,65,2,0,815,0,10,2,2,0,58,0.12929896749639486,1
347,100348,26,0,5,0,19,1,0,6,319,30,65,2,0,890,2,11,3,2,1,52,0.125198091309687,1
348,100349,23,0,29,0,37,2,1,0,171,20,71,1,0,836,0,8,3,4,1,55,0.15785972581811936,1
349,100350,13,0,0,0,7,0,2,1,268,25,54,0,0,584,0,15,0,0,1,60,0.05512467705439028,1
350,100351,24,0,14,0,40,0,0,11,277,28,62,2,0,916,0,11,1,0,0,55,0.13244182220900474,1
351,100352,25,0,33,0,23,0,1,2,225,18,71,1,0,1040,0,6,0,0,0,53,0.12851329573328152,1
352,100353,31,0,25,0,59,0,1,3,200,19,69,2,0,871,0,10,5,2,0,44,0.15082563855760583,1
353,100354,30,0,21,0,48,1,0,5,235,19,70,1,0,924,0,9,6,5,1,38,0.1214828222986466,1
354,100355,35,0,19,1,8,0,0,0,184,17,74,1,0,928,0,8,4,4,0,48,0.10771168135912573,1
355,100356,38,0,13,0,21,1,2,4,270,20,70,1,0,752,0,5,3,3,0,55,0.1640618693472488,1
356,100357,37,0,8,0,10,0,1,0,265,19,62,2,0,763,0,7,4,3,1,56,0.15174273399543586,1
357,100358,30,0,6,0,9,0,2,1,296,31,66,3,0,861,0,10,1,1,0,66,0.12764690521196265,1
358,100359,20,0,30,0,37,1,1,2,240,12,70,1,0,749,1,7,1,1,1,43,0.1577453338405682,1
359,100360,30,0,2,0,10,0,0,0,304,22,69,1,0,714,0,4,3,2,0,54,0.1642708601001877,1
360,100361,34,0,6,0,13,1,1,2,279,24,63,0,0,930,2,7,2,2,0,60,0.12387406461284911,1
361,100362,36,0,2,0,63,3,0,0,142,15,81,1,0,934,0,0,4,4,0,36,0.07426010591711368,1
362,100363,28,0,14,0,26,1,1,0,320,17,68,2,0,856,0,5,2,3,0,57,0.18014793451953925,1
363,100364,27,0,6,0,15,1,1,3,289,30,66,0,0,697,1,7,5,4,0,51,0.14595086967562176,1
364,100365,24,0,40,0,35,1,0,0,216,19,66,1,0,929,0,9,3,1,0,39,0.15518788399763878,1
365,100366,36,0,7,0,29,0,1,0,238,17,69,1,0,730,2,6,1,3,0,57,0.12818302239898227,1
366,100367,32,0,15,0,17,2,1,4,221,19,66,0,0,753,1,8,1,1,0,43,0.1781861661245535,1
367,100368,26,0,11,0,24,1,3,4,270,20,58,0,0,739,0,5,1,1,0,55,0.14931355124021073,1
368,100369,32,0,18,0,14,1,2,0,220,21,71,0,1,909,1,7,0,0,0,67,0.09183187525903069,1
369,100370,34,0,44,0,66,2,1,0,294,30,61,2,0,828,0,9,1,2,0,33,0.10349163307056197,1
370,100371,29,0,4,0,16,1,1,5,307,28,58,0,0,666,1,10,1,2,0,54,0.15023368679992444,1
371,100372,24,0,6,0,23,0,0,0,306,26,63,1,1,783,0,11,3,3,1,51,0.1396270284596437,1
372,100373,33,0,12,0,27,1,0,4,275,20,70,2,1,805,2,5,4,3,1,42,0.11631991764162614,1
373,100374,26,0,9,1,43,2,2,5,206,21,71,2,0,749,1,6,10,9,0,44,0.039485915131920124,1
374,100375,25,0,21,0,19,4,0,8,240,17,68,1,0,750,1,7,4,3,1,48,0.15375775257896235,1
375,100376,37,0,26,0,24,3,0,11,273,28,66,2,1,771,2,14,2,3,1,49,0.06957765092282953,1
376,100377,30,0,9,2,6,0,0,2,305,28,50,1,1,601,0,19,3,3,0,49,0.019839261948682907,1
377,100378,42,0,7,0,25,2,1,9,238,26,65,0,0,753,0,10,3,1,0,59,0.15650991422525995,1
378,100379,22,0,4,0,16,2,1,11,207,26,67,2,1,848,0,5,0,0,0,62,0.0928618274349467,1
379,100380,29,0,22,0,42,1,0,25,333,13,68,1,0,774,0,7,1,3,0,46,0.13213910185414485,1
380,100381,20,0,3,0,30,1,2,8,260,21,70,1,0,899,0,7,5,3,0,50,0.15094985827828,1
381,100382,29,0,12,0,6,1,1,20,200,13,74,0,0,942,0,2,3,3,0,56,0.10652287760356,1
382,100383,32,0,0,0,3,1,2,8,191,15,68,1,0,738,0,5,4,3,0,58,0.14673263608437487,1
383,100384,13,0,17,0,14,1,0,5,339,23,57,3,2,673,0,10,3,0,0,62,0.054529310642287276,1
384,100385,33,0,25,0,20,4,0,0,192,23,66,0,0,750,0,8,2,2,0,43,0.1600012628972306,1
385,100386,22,0,31,0,6,2,1,4,186,16,69,3,1,921,0,10,1,1,0,61,0.10801952104114193,1
386,100387,32,0,11,0,22,2,0,6,180,13,72,1,0,842,1,7,4,3,0,42,0.16174733578425116,1
387,100388,20,0,7,0,16,1,1,4,171,21,68,0,0,894,0,9,2,1,0,59,0.1575469361292714,1
388,100389,23,0,36,0,23,3,1,3,290,22,60,1,0,753,0,12,1,1,0,49,0.1593254005439631,1
389,100390,18,0,24,0,44,2,3,3,304,12,65,2,0,715,1,10,1,0,2,35,0.05729448271677129,1
390,100391,28,0,0,0,9,0,1,6,351,27,53,0,1,648,0,7,4,3,0,68,0.08232003358232065,1
391,100392,19,1,6,0,16,1,0,1,309,33,54,0,0,697,0,15,1,0,2,61,0.020898034045871205,1
392,100393,27,0,8,0,9,2,0,5,239,21,68,2,0,892,0,9,2,1,0,61,0.1697748806873141,1
393,100394,23,0,46,0,17,1,2,0,247,16,63,3,0,839,0,9,1,1,0,37,0.11857874896988913,1
394,100395,23,0,3,0,31,1,0,5,254,25,72,3,0,808,0,9,1,2,0,54,0.16224010047837056,1
395,100396,28,0,2,1,3,0,3,13,353,29,56,0,0,634,2,13,5,4,0,72,-0.009904224699978426,-1
396,100397,27,0,8,0,34,0,1,0,301,16,64,1,0,824,2,12,1,1,1,45,0.1349728517005449,1
397,100398,33,1,2,0,2,3,2,4,205,20,71,0,0,815,0,5,3,1,1,55,0.08176044354030204,1
398,100399,26,0,13,0,37,0,0,1,187,18,69,1,0,951,1,10,2,2,0,45,0.1586983955067932,1
399,100400,33,0,4,0,3,2,1,1,244,18,74,0,0,876,0,7,4,4,0,48,0.1572002433529689,1
400,100401,27,0,25,0,12,4,2,1,311,19,66,0,0,619,0,7,1,1,2,38,0.095682233897661,1
401,100402,30,0,2,0,18,3,0,1,227,16,72,1,0,804,0,6,4,4,0,58,0.16466869214000773,1
402,100403,22,0,18,0,29,1,2,0,365,31,52,0,0,590,2,16,2,0,1,53,0.04243137050908663,1
403,100404,42,0,20,0,12,5,0,1,167,17,77,1,0,863,0,5,4,4,0,44,0.11904046525124123,1
404,100405,25,0,27,0,45,2,0,0,269,15,69,0,0,785,1,6,2,3,0,39,0.16921072458090913,1
405,100406,28,2,2,0,14,0,1,9,309,25,60,1,0,712,2,10,6,2,0,64,0.05032417778402887,1
406,100407,23,0,10,0,18,1,1,7,220,17,73,1,0,810,0,7,3,4,1,51,0.16767702047734068,1
407,100408,24,0,1,0,26,3,1,0,251,25,64,0,0,565,1,12,3,3,1,34,0.11513404188605053,1
408,100409,14,0,9,0,35,0,2,10,295,19,62,1,0,759,0,10,1,1,0,52,0.155464351429068,1
409,100410,30,0,13,1,25,2,1,0,144,15,71,1,0,752,0,11,4,4,0,37,0.11356962168834445,1
410,100411,31,0,9,0,20,1,1,10,288,22,65,1,0,805,0,7,3,4,0,53,0.1793181249646913,1
411,100412,24,0,15,0,47,2,1,7,267,29,67,2,1,792,0,7,4,2,0,55,0.1576352553497275,1
412,100413,26,0,18,0,20,0,0,0,205,24,74,0,0,798,1,9,1,2,0,55,0.14415190937975858,1
413,100414,50,0,10,2,17,8,1,7,254,30,76,2,0,697,0,6,7,4,0,50,-0.0053767686319073915,-1
414,100415,21,0,12,0,40,2,0,6,242,21,66,1,0,776,0,12,1,1,1,54,0.15864258645864115,1
415,100416,24,0,5,0,0,1,2,15,204,20,74,0,1,848,0,10,0,0,1,76,0.05302783991402993,1
416,100417,44,0,27,0,43,0,0,7,318,25,66,1,0,813,1,10,1,1,0,62,0.1321860402943284,1
417,100418,24,0,6,0,31,2,1,0,185,21,65,1,0,669,0,11,2,1,1,52,0.17309545660329367,1
418,100419,24,0,3,1,11,0,2,4,288,17,65,0,0,733,1,11,2,2,0,63,0.10559606574150826,1
419,100420,30,0,19,0,16,2,1,3,277,15,78,1,0,957,1,3,4,2,0,48,0.13412535679502896,1
420,100421,27,1,4,0,10,0,0,4,272,30,54,0,0,636,0,11,2,0,0,51,0.0856284096063279,1
421,100422,23,0,17,0,31,0,0,0,245,14,76,3,0,946,2,5,1,1,0,52,0.09095839399475908,1
422,100423,22,0,19,0,14,0,1,0,306,21,65,1,0,840,0,10,1,1,0,49,0.1825721902616303,1
423,100424,20,1,16,0,28,2,2,0,239,23,66,1,1,831,0,6,5,4,1,46,0.08217295614537518,1
424,100425,24,0,16,0,40,2,1,1,216,17,70,0,0,776,0,6,0,0,1,45,0.1514489882314023,1
425,100426,18,1,3,0,16,3,1,7,347,33,53,1,0,603,0,13,5,4,1,58,0.022577626943077855,1
426,100427,38,0,25,0,29,0,0,4,365,27,57,0,1,798,2,11,1,1,0,49,0.08597457624064414,1
427,100428,31,0,8,0,12,3,2,8,296,20,68,2,0,830,0,5,3,3,1,42,0.1468827236338352,1
428,100429,25,0,10,0,23,1,2,2,343,23,57,1,1,686,0,10,2,1,0,53,0.1518779024487512,1
429,100430,23,0,18,0,21,2,2,9,261,20,64,1,0,792,0,6,0,0,0,40,0.138872686861428,1
430,100431,39,0,23,0,65,2,0,1,285,25,63,2,0,695,0,11,1,1,0,44,0.14488349904044234,1
431,100432,27,1,12,0,45,0,0,0,178,17,75,4,0,913,1,5,6,6,0,44,0.047948210526391644,1
432,100433,27,0,46,0,38,4,0,5,243,13,73,3,0,901,1,6,5,5,0,44,0.07885322324662919,1
433,100434,32,0,8,0,14,1,0,3,234,26,65,1,0,753,0,8,5,5,0,50,0.17097837739056448,1
434,100435,50,0,37,0,27,0,0,0,225,14,69,0,0,753,1,6,3,2,0,46,0.13963146487442452,1
435,100436,41,0,5,1,8,2,1,3,209,15,74,0,0,826,0,5,1,1,1,51,0.08061635894455932,1
436,100437,21,0,9,0,12,0,2,4,271,17,70,0,0,882,0,5,2,2,0,54,0.16379537158687313,1
437,100438,21,0,10,0,15,4,1,7,340,32,60,2,0,616,3,8,1,0,0,65,0.05467636635380513,1
438,100439,22,0,14,0,10,1,1,7,242,21,64,0,0,731,0,8,3,3,1,46,0.17593712370507625,1
439,100440,37,0,14,0,6,2,0,0,226,13,76,2,0,812,1,5,3,2,1,55,0.13563591963485827,1
440,100441,41,0,11,0,9,0,0,0,205,16,76,0,0,1094,0,0,7,6,0,61,0.020018979042673135,1
441,100442,22,0,26,0,22,2,3,6,176,8,74,3,0,914,0,6,2,2,1,58,0.10388792719119277,1
442,100443,26,0,14,0,34,2,0,25,260,15,65,2,0,788,1,10,3,3,0,45,0.14680147443207908,1
443,100444,15,0,16,0,7,1,3,11,270,15,61,1,0,783,0,8,1,1,1,52,0.1191402120421528,1
444,100445,23,0,18,0,12,2,1,7,228,23,66,0,0,765,0,10,1,1,1,53,0.16922591103140033,1
445,100446,34,0,2,0,11,1,0,1,232,21,73,1,0,811,0,9,5,3,0,69,0.1455280186399125,1
446,100447,28,0,15,1,9,1,1,0,186,20,64,0,0,790,1,9,3,3,0,43,0.13279855494287163,1
447,100448,34,0,27,0,62,3,0,0,228,24,73,3,0,840,0,8,1,2,1,40,0.13182050121321992,1
448,100449,36,0,0,0,15,1,0,7,209,17,75,0,1,840,0,5,2,2,0,49,0.12297281582860675,1
449,100450,30,0,19,0,44,1,1,5,245,24,68,2,0,707,1,7,1,1,0,46,0.1743676848464289,1
450,100451,28,0,9,0,35,3,2,0,295,21,65,4,0,569,0,12,4,4,1,39,0.10503631788469647,1
451,100452,29,1,9,0,8,0,3,9,244,29,64,2,1,679,0,12,7,4,0,61,0.047964244560824265,1
452,100453,28,0,13,1,24,2,1,0,246,21,66,1,0,687,0,9,5,5,1,49,0.12398356404963629,1
453,100454,35,0,9,0,6,1,2,1,292,23,59,0,0,574,1,9,2,0,1,65,0.10080420146935698,1
454,100455,23,0,27,0,13,0,0,0,266,23,60,1,0,775,0,10,2,1,0,49,0.17806076545774358,1
455,100456,15,0,7,0,8,1,2,14,271,24,59,0,0,749,0,7,3,3,0,53,0.14550282064849845,1
456,100457,36,1,7,0,8,2,1,0,225,25,59,0,0,720,1,10,3,1,0,62,0.09916565156975149,1
457,100458,27,0,19,0,27,2,1,0,184,20,73,0,0,792,2,12,1,1,1,42,0.12512390714579075,1
458,100459,30,0,8,0,24,0,0,0,263,33,65,2,1,844,0,10,3,2,0,55,0.14183158927525968,1
459,100460,20,0,24,0,29,0,1,0,251,26,70,1,0,752,0,14,1,1,0,56,0.14993726571958121,1
460,100461,12,0,16,1,25,0,0,0,306,28,60,1,0,739,0,13,2,2,0,63,0.09599784198953659,1
461,100462,17,0,32,0,61,0,0,5,190,20,68,1,0,947,1,7,0,1,0,43,0.10736667964819352,1
462,100463,27,0,15,0,32,4,0,5,216,14,68,1,1,753,0,4,1,0,1,42,0.11519962935881845,1
463,100464,25,1,3,0,11,2,0,10,155,25,61,2,0,703,0,10,4,2,1,62,0.09058293282218,1
464,100465,26,0,26,0,44,0,0,14,288,18,68,1,0,726,1,11,3,3,1,38,0.123692345497536,1
465,100466,33,0,18,0,23,2,0,3,227,18,70,0,0,839,0,9,3,3,0,54,0.17810577586803794,1
466,100467,30,1,10,0,20,2,0,18,254,23,68,1,0,953,0,6,1,0,1,59,0.07375512646510007,1
467,100468,19,0,0,0,7,1,2,5,334,29,55,1,1,679,0,14,3,3,0,52,0.09554432353930664,1
468,100469,32,0,27,0,27,1,1,2,302,25,63,2,0,602,1,10,3,2,1,52,0.15305850452422243,1
469,100470,33,0,19,0,7,1,0,10,248,20,72,2,0,825,1,6,3,2,0,58,0.1631959830450589,1
470,100471,42,0,8,0,57,1,1,0,281,21,64,1,0,740,0,5,4,4,0,31,0.13880472122642706,1
471,100472,21,1,6,0,21,0,0,1,239,21,68,1,0,831,1,9,3,1,1,59,0.11215362636864212,1
472,100473,22,0,13,0,30,4,1,0,258,21,62,1,0,675,0,10,1,0,1,37,0.14318189088385797,1
473,100474,27,0,8,0,3,1,0,5,216,18,66,1,1,736,4,11,2,2,0,59,0.09264389011546026,1
474,100475,32,0,18,0,33,3,0,0,288,24,63,0,0,786,0,9,0,0,2,44,0.09585720336588727,1
475,100476,30,0,32,0,17,0,0,6,291,33,57,1,1,774,0,11,1,0,0,57,0.11101289103377998,1
476,100477,26,0,24,0,19,3,2,3,259,25,64,1,0,770,1,8,0,0,0,46,0.1261988204322661,1
477,100478,28,0,18,0,14,2,2,4,257,18,65,0,0,723,0,5,0,0,0,50,0.135578006372305,1
478,100479,43,0,4,0,5,0,1,9,290,27,65,1,0,832,0,8,4,4,1,55,0.13073108282342577,1
479,100480,29,0,31,0,17,1,0,3,215,20,72,1,0,876,0,7,1,1,0,52,0.1783146751871521,1
480,100481,29,0,15,0,48,2,2,2,171,17,72,3,0,736,0,5,2,2,0,40,0.154614403671546,1
481,100482,29,0,9,0,13,1,0,4,335,24,61,1,0,608,0,14,4,3,1,46,0.1405629603881436,1
482,100483,37,0,19,0,10,1,0,4,216,23,69,0,0,987,1,6,0,0,0,54,0.1052033683050555,1
483,100484,32,0,33,0,14,2,2,2,260,15,73,1,0,792,0,4,2,2,0,50,0.16374617915329592,1
484,100485,32,0,17,0,21,1,0,2,327,25,67,1,0,802,0,7,5,4,0,42,0.16086941333992788,1
485,100486,38,0,20,0,21,4,1,2,210,17,68,0,1,601,0,8,6,5,2,43,0.043580431303857914,1
486,100487,31,0,12,0,16,2,1,0,281,19,67,3,0,818,0,7,3,3,2,40,0.12694300192971292,1
487,100488,31,0,26,0,37,5,0,0,239,18,72,2,0,689,0,6,3,0,1,53,0.12652652640494227,1
488,100489,25,0,12,0,15,1,1,3,247,21,67,1,0,821,1,9,2,2,0,52,0.1885291539221291,1
489,100490,21,0,17,0,24,2,2,2,211,18,67,1,1,694,0,8,4,3,1,54,0.14294413991803967,1
490,100491,21,0,10,0,18,4,0,0,245,16,70,3,0,785,0,6,2,2,1,35,0.14222214417973367,1
491,100492,36,0,19,0,22,1,0,3,211,17,76,0,0,913,1,6,2,2,0,60,0.13802254783162482,1
492,100493,33,0,1,0,31,0,1,0,248,17,66,1,1,775,0,4,2,1,0,38,0.12516173018740373,1
493,100494,26,0,11,1,22,2,1,7,253,16,67,2,0,905,1,8,5,5,0,58,0.09806223982813628,1
494,100495,22,0,27,0,23,1,2,8,254,16,69,2,1,787,1,8,2,3,0,55,0.14856007788051617,1
495,100496,24,0,25,0,54,3,0,1,226,25,64,4,0,725,0,11,2,2,0,44,0.14396290747380924,1
496,100497,28,0,34,0,26,2,1,18,260,18,64,1,0,725,1,10,3,1,1,50,0.13923873062023684,1
497,100498,36,0,4,0,24,1,0,0,363,35,59,3,0,585,0,9,4,3,0,50,0.1263548997135457,1
498,100499,21,0,9,0,12,0,1,4,253,28,68,4,1,932,1,11,3,2,0,51,0.1043366300279055,1
499,100500,31,0,49,0,74,4,1,10,270,17,70,4,0,766,0,6,1,3,0,35,0.08076939237071884,1
500,100501,17,0,22,0,9,2,1,2,276,28,60,1,0,712,1,12,4,2,2,48,0.10143969912317985,1
501,100502,26,0,4,0,9,0,2,11,155,24,72,0,0,915,1,6,2,2,0,55,0.11598736849694097,1
502,100503,31,0,3,0,15,2,1,0,238,18,70,0,0,865,0,8,1,1,0,45,0.17803157275800552,1
503,100504,25,0,11,0,17,1,2,10,316,24,58,3,0,630,0,9,1,2,0,64,0.12973550236415637,1
504,100505,17,0,7,0,5,1,1,5,342,32,52,0,0,675,0,12,4,2,0,66,0.10284363749018766,1
505,100506,23,0,11,0,19,2,0,13,285,19,67,1,0,851,0,9,3,1,0,52,0.175954422899411,1
506,100507,25,0,10,0,4,0,1,3,285,28,59,0,0,725,0,12,3,3,0,63,0.14581833467314753,1
507,100508,25,0,3,0,0,2,0,12,328,23,66,3,0,703,0,8,3,2,1,59,0.13238552203469994,1
508,100509,33,0,16,0,16,1,1,4,145,16,76,0,1,740,0,9,3,3,0,60,0.12192265500998689,1
509,100510,31,0,18,0,24,3,1,0,222,21,66,0,0,711,0,8,1,1,1,44,0.1740524734683021,1
510,100511,36,0,34,0,8,4,1,0,233,20,67,1,1,773,1,8,1,1,0,46,0.10913547434411136,1
511,100512,28,1,19,0,8,2,0,9,268,28,61,0,0,678,1,11,6,3,0,56,0.0836542021667318,1
512,100513,37,0,29,0,24,2,0,0,309,29,53,0,0,621,0,18,1,1,1,44,0.0648441756554331,1
513,100514,17,0,17,0,37,1,1,2,359,35,56,1,0,750,0,14,1,0,1,46,0.10265376940067339,1
514,100515,26,0,20,0,24,5,1,7,181,21,74,0,0,736,0,5,4,4,2,36,0.08045705137866443,1
515,100516,30,0,23,0,61,1,1,1,226,14,66,1,0,688,0,9,6,6,1,38,0.10984435926350922,1
516,100517,29,0,15,0,43,1,1,2,316,28,62,1,0,600,0,11,2,3,0,53,0.17204511338112666,1
517,100518,42,0,26,0,21,1,0,0,157,11,80,3,0,977,1,3,5,4,0,35,0.06522551832975532,1
518,100519,20,0,34,0,32,1,0,0,284,15,63,1,0,708,0,9,2,0,1,44,0.1477448811786481,1
519,100520,27,0,28,0,47,2,1,2,310,16,67,3,1,805,0,4,3,1,0,43,0.13167680119875336,1
520,100521,31,0,17,0,15,1,0,0,215,15,75,2,0,912,0,4,3,3,1,45,0.16029740515624097,1
521,100522,30,0,40,0,62,2,0,1,230,19,65,2,1,819,1,8,0,1,0,47,0.10442686131594392,1
522,100523,20,0,4,0,9,1,0,8,218,18,70,2,0,834,0,9,2,2,0,54,0.17618945887317577,1
523,100524,32,0,22,0,21,0,1,16,259,22,61,1,1,823,0,6,2,2,0,52,0.12862861749880938,1
524,100525,30,0,21,0,39,2,0,6,492,37,49,2,0,457,0,13,5,2,0,46,0.060077305654692714,1
525,100526,17,0,12,0,3,2,2,0,249,25,59,1,0,590,0,12,1,0,0,49,0.12128136869495337,1
526,100527,25,0,30,0,35,2,1,1,202,21,67,0,0,655,1,12,4,3,1,40,0.1428863124948565,1
527,100528,30,0,11,0,7,3,1,0,175,12,78,1,0,820,0,5,3,3,2,55,0.11762541513014674,1
528,100529,37,0,20,0,16,1,1,0,243,19,67,3,0,759,1,9,4,3,0,40,0.15896824310087826,1
529,100530,18,0,34,0,82,1,2,0,409,25,60,4,0,708,0,10,0,0,0,40,0.04909876017682935,1
530,100531,16,0,0,0,3,0,0,2,261,27,63,0,0,946,2,13,0,0,0,67,0.0439307758076839,1
531,100532,21,0,31,0,56,5,0,6,270,14,68,2,0,774,0,9,4,3,2,47,0.10181146476089153,1
532,100533,40,0,18,0,5,1,1,0,199,25,77,0,0,989,0,7,1,1,1,55,0.113157052502949,1
533,100534,33,0,33,0,29,1,1,2,220,21,70,2,0,812,0,9,0,0,1,46,0.1493797933473347,1
534,100535,27,0,18,0,16,2,1,4,278,23,63,0,0,705,0,11,4,3,1,54,0.16712976590597195,1
535,100536,19,0,12,0,22,3,1,1,286,15,69,1,0,733,0,7,0,0,1,48,0.14723469535709138,1
536,100537,33,0,16,0,51,1,1,0,305,17,68,1,0,873,0,7,1,1,0,45,0.17095213532890396,1
537,100538,21,1,16,0,38,0,1,0,216,23,63,0,0,775,2,11,4,3,0,41,0.087769004432455,1
538,100539,24,0,32,0,34,0,0,0,204,20,70,2,0,968,1,11,1,1,0,59,0.13395355242414841,1
539,100540,26,0,27,0,64,1,0,0,271,28,66,1,0,814,1,9,2,2,0,43,0.1524568516841629,1
540,100541,39,0,20,0,22,4,0,0,88,7,84,1,0,877,0,4,4,3,2,35,0.05040475080275464,1
541,100542,19,0,9,0,33,0,0,2,354,30,54,1,0,718,1,13,2,0,0,59,0.10570516469923985,1
542,100543,21,0,27,0,29,3,3,6,324,28,67,2,1,759,0,7,1,1,0,47,0.12107759614658747,1
543,100544,34,0,17,0,18,2,0,0,252,33,62,1,0,684,1,12,0,0,1,43,0.10961084961945311,1
544,100545,28,0,14,0,30,2,1,0,196,10,75,1,0,831,0,9,3,2,2,56,0.13747272090694412,1
545,100546,28,0,25,0,34,0,0,2,181,23,73,1,0,877,0,12,5,3,0,54,0.14144224274391776,1
546,100547,12,0,18,0,24,1,0,4,251,26,64,2,0,791,0,11,3,2,1,57,0.16036265427200036,1
547,100548,28,1,17,1,29,1,1,4,279,23,61,3,0,647,0,11,4,5,0,49,0.07747561794454816,1
548,100549,28,0,17,0,11,1,1,1,249,24,64,1,0,796,0,4,3,0,0,70,0.14712558502541734,1
549,100550,23,0,36,0,63,1,0,0,243,20,66,1,0,805,0,8,2,1,1,48,0.15756085636481632,1
550,100551,34,0,2,0,21,0,0,0,118,11,83,1,0,953,0,3,4,5,0,27,0.0757846408881373,1
551,100552,22,0,3,0,14,0,2,0,247,20,68,1,1,879,1,5,4,4,0,55,0.10438696238034822,1
552,100553,35,0,11,0,8,4,0,4,161,10,82,0,0,971,0,2,5,5,1,43,0.04108664980301857,1
553,100554,28,1,31,0,19,0,0,1,203,21,64,1,1,832,1,7,7,6,0,46,0.055294515991376136,1
554,100555,29,0,14,0,32,0,0,0,281,25,68,1,0,867,1,7,2,1,2,45,0.12288190786617759,1
555,100556,27,0,14,0,65,0,1,8,276,12,63,5,0,743,1,6,2,1,1,48,0.10927572678232261,1
556,100557,18,0,17,0,24,1,2,11,330,21,54,1,0,585,0,9,4,3,0,38,0.12441137078144393,1
557,100558,17,0,3,0,33,0,1,3,311,27,60,3,0,735,0,15,4,3,0,60,0.1151462904640842,1
558,100559,17,0,27,0,36,0,0,0,298,29,52,1,1,695,2,16,1,1,1,58,0.0414000652723554,1
559,100560,24,0,18,0,9,0,2,0,206,20,68,0,0,820,2,12,3,3,0,49,0.12394372604572113,1
560,100561,23,0,53,0,27,3,1,2,290,27,66,1,0,958,0,10,3,3,0,42,0.12010659172569499,1
561,100562,25,0,26,0,31,3,1,0,163,13,68,0,0,743,1,6,3,2,1,40,0.14946501191494332,1
562,100563,28,0,16,0,29,1,0,3,292,31,58,2,0,777,1,19,4,4,1,46,0.11212651143209773,1
563,100564,37,0,17,1,27,1,0,1,206,19,71,2,0,830,1,9,5,4,0,51,0.11726548167497836,1
564,100565,25,0,25,0,28,0,0,3,321,25,60,2,0,802,1,12,3,3,0,48,0.15945829148977742,1
565,100566,19,0,2,0,9,0,0,2,241,27,66,1,0,735,1,13,8,5,1,53,0.08678667650473099,1
566,100567,32,0,17,0,18,2,1,0,215,15,76,1,0,829,0,4,4,4,1,32,0.14753502132679558,1
567,100568,25,0,7,0,24,2,1,0,277,24,66,0,0,719,1,7,5,1,0,55,0.16510696873973496,1
568,100569,28,0,3,0,14,0,2,2,294,28,66,0,1,887,0,8,1,0,0,59,0.11163406748084481,1
569,100570,23,0,7,1,3,3,2,5,172,20,76,1,0,839,0,3,5,4,0,52,0.06201863736554247,1
570,100571,39,0,28,0,75,1,1,0,279,20,63,1,0,705,1,8,4,3,1,48,0.12214763543581925,1
571,100572,29,0,32,0,31,3,0,0,311,26,62,1,0,719,0,8,3,2,0,34,0.14936391656263703,1
572,100573,25,0,12,0,15,0,0,1,184,17,72,0,0,899,0,6,4,0,0,58,0.13433571828122381,1
573,100574,29,0,5,0,13,2,1,0,243,24,69,2,0,645,2,8,3,3,0,41,0.1456454884949811,1
574,100575,26,0,21,0,32,1,3,1,138,19,78,1,0,952,1,6,1,1,0,38,0.1165530561747678,1
575,100576,27,1,8,0,26,2,0,0,223,20,72,1,0,871,1,6,4,2,0,45,0.13515748100583358,1
576,100577,20,1,25,0,25,3,0,2,265,25,72,1,0,768,1,7,5,2,1,49,0.10059051629888915,1
577,100578,31,0,0,0,7,0,0,11,323,28,57,0,0,780,1,12,3,3,0,77,0.10412042805204386,1
578,100579,29,0,18,0,44,1,1,3,246,21,69,2,0,925,0,8,1,1,0,51,0.17743135491494294,1
579,100580,33,0,2,1,11,1,0,0,290,33,66,0,0,874,0,8,2,2,0,69,0.09002810559570668,1
580,100581,33,0,28,0,16,2,1,5,176,14,75,1,1,800,0,4,5,5,0,63,0.09869503351798486,1
581,100582,27,0,17,0,10,0,4,18,363,17,65,3,1,827,0,5,5,4,0,57,0.03907130033078787,1
582,100583,23,0,26,0,28,2,0,0,177,11,72,2,0,996,0,6,1,1,0,52,0.14768974378910948,1
583,100584,25,0,19,0,17,1,2,8,242,16,71,1,0,811,1,6,4,4,1,53,0.14261044116390925,1
584,100585,37,0,1,0,16,1,1,2,233,16,68,1,1,779,0,7,1,1,0,49,0.13507279261494926,1
585,100586,28,0,17,0,31,1,3,3,238,22,69,0,0,734,1,10,4,2,2,47,0.11893276876226788,1
586,100587,23,0,6,0,44,0,2,0,288,17,69,1,0,861,0,6,2,2,0,42,0.16314924615610127,1
587,100588,20,0,0,0,10,2,0,6,225,20,69,0,1,746,0,8,2,2,0,64,0.13354166970780507,1
588,100589,35,0,9,0,19,4,1,1,265,18,71,1,0,800,1,4,5,3,0,47,0.1428784285514098,1
589,100590,25,0,9,0,11,1,2,6,203,21,71,2,0,922,0,7,2,3,0,66,0.15734699938206742,1
590,100591,33,0,30,0,16,2,1,0,201,13,72,0,1,704,2,7,2,2,0,38,0.10669779685136083,1
591,100592,28,1,12,0,13,1,0,4,180,19,78,3,0,1051,0,2,6,4,1,47,0.0421157376884016,1
592,100593,38,0,11,0,20,1,1,2,246,24,71,1,0,892,0,5,3,3,0,49,0.1714514176310099,1
593,100594,25,0,5,0,14,1,1,0,238,22,70,3,0,946,1,10,3,4,0,48,0.15971223526720174,1
594,100595,26,0,42,0,13,2,2,1,216,24,67,0,0,763,0,11,1,1,0,45,0.13469997566021785,1
595,100596,24,1,4,0,48,2,1,7,303,27,58,3,0,752,0,10,4,1,1,54,0.10614829893532446,1
596,100597,23,0,21,0,25,1,1,14,261,20,65,0,1,800,1,8,2,2,0,46,0.15141765656509393,1
597,100598,34,0,35,0,42,2,0,3,233,16,75,2,0,893,0,6,1,1,2,41,0.10657440708594063,1
598,100599,32,0,30,0,36,5,1,0,194,20,80,2,0,782,0,7,2,1,1,34,0.11354416466089262,1
599,100600,25,0,6,0,2,0,3,0,241,16,67,2,0,873,0,7,3,3,0,71,0.143557297871157,1
600,100601,29,0,16,0,43,4,2,3,205,15,70,2,0,717,0,6,4,5,1,29,0.13075365614951684,1
601,100602,31,0,29,0,14,5,0,2,260,19,65,1,0,583,0,9,1,1,0,33,0.11933798617921271,1
602,100603,39,0,19,0,22,1,1,16,287,19,67,1,0,891,0,7,3,2,0,70,0.14963493292975855,1
603,100604,31,0,33,0,54,2,1,9,188,15,77,0,1,902,0,4,3,2,1,50,0.10728024999603086,1
604,100605,33,0,4,0,24,1,2,0,189,12,71,1,0,879,0,9,7,7,0,57,0.10261769679202631,1
605,100606,23,0,5,0,40,2,1,4,257,23,65,1,0,813,3,8,2,1,0,56,0.1337751244090476,1
606,100607,27,0,20,0,37,2,1,3,341,31,52,1,1,679,1,10,2,1,0,45,0.12543783918460621,1
607,100608,28,0,32,0,37,4,0,0,152,12,78,2,0,745,0,7,1,1,0,51,0.13133700418926808,1
608,100609,25,0,7,0,28,0,2,0,250,10,68,1,0,715,0,8,2,2,0,48,0.1699332270882699,1
609,100610,30,0,38,0,32,3,0,0,187,14,78,0,0,849,0,4,2,2,0,35,0.1230291005324895,1
610,100611,17,0,3,0,3,5,1,3,216,17,65,0,0,607,0,11,3,3,2,49,0.07867018009713045,1
611,100612,20,0,14,0,40,0,3,0,294,27,61,0,0,871,0,8,0,0,0,46,0.09997020194129402,1
612,100613,22,0,16,0,15,2,1,2,365,21,57,1,0,622,1,9,1,1,3,55,0.09487245711970643,1
613,100614,32,2,13,1,27,2,0,6,243,14,72,3,1,847,0,4,5,2,1,53,0.010508995029701707,1
614,100615,30,0,5,0,0,2,0,0,179,23,76,0,0,964,0,10,5,2,1,63,0.1051649560197333,1
615,100616,17,0,13,0,39,1,2,2,267,29,56,2,0,629,2,13,3,2,0,52,0.10089648881390278,1
616,100617,15,0,8,0,25,1,1,0,276,23,60,1,0,731,0,11,0,0,1,63,0.12148116977886508,1
617,100618,33,0,15,0,8,2,0,10,151,12,77,1,0,917,0,6,1,0,0,50,0.1242113380986879,1
618,100619,28,0,9,0,17,1,2,4,261,18,66,0,1,666,0,7,2,1,0,52,0.16257787346050984,1
619,100620,27,0,17,0,36,1,0,0,250,21,65,4,0,677,0,9,5,3,0,42,0.1457107524256166,1
620,100621,28,0,13,0,26,3,0,2,215,18,71,2,0,867,1,8,2,2,1,47,0.16534859881524044,1
621,100622,24,0,16,1,4,0,0,2,159,18,77,0,1,961,0,5,2,2,0,73,0.04580294557213305,1
622,100623,37,0,6,0,22,1,1,3,193,24,71,0,0,779,0,9,2,0,1,56,0.13454178046158477,1
623,100624,17,0,0,0,6,0,0,5,216,20,65,1,0,899,0,10,6,3,0,58,0.12229931955478718,1
624,100625,43,0,6,0,21,2,0,0,188,18,70,0,0,820,1,6,4,4,0,58,0.138681722153909,1
625,100626,28,0,15,0,52,2,0,3,234,15,72,3,0,899,0,8,4,2,0,38,0.15313899913583157,1
626,100627,24,0,6,0,6,1,1,5,234,23,72,2,2,839,0,8,1,2,1,49,0.08952086458065911,1
627,100628,31,0,20,0,34,1,2,0,192,18,76,2,0,978,0,7,0,0,0,44,0.12423025311005081,1
628,100629,19,0,5,0,33,1,2,2,347,23,60,1,0,648,1,11,2,1,1,46,0.14383000088444658,1
629,100630,24,0,15,0,12,0,1,0,293,18,67,1,0,796,2,6,1,0,0,46,0.13413610020841676,1
630,100631,24,0,12,0,13,3,0,0,211,12,75,0,0,881,0,6,4,3,1,57,0.1406214752077385,1
631,100632,25,0,16,0,29,2,0,0,172,17,77,1,0,1019,0,4,3,2,0,51,0.1451601449945613,1
632,100633,34,0,16,0,38,0,0,0,264,33,69,4,0,799,0,8,2,2,0,52,0.1446964139351657,1
633,100634,30,0,29,0,18,1,0,8,268,19,62,1,0,752,0,4,4,5,0,47,0.16111205492987735,1
634,100635,14,0,32,0,52,0,0,0,322,18,61,2,0,807,0,10,1,1,0,42,0.14843516755202835,1
635,100636,18,0,3,0,7,1,1,5,343,28,61,1,0,727,1,13,0,0,1,55,0.09841759182783505,1
636,100637,16,0,6,0,14,2,2,10,240,24,62,0,2,789,0,7,2,2,1,63,0.07938135311588346,1
637,100638,27,0,19,0,21,1,1,14,179,17,68,0,0,791,1,7,5,4,0,53,0.14307087496784582,1
638,100639,20,0,12,0,28,0,3,4,384,20,54,2,0,571,1,13,0,1,0,49,0.09198839851698637,1
639,100640,25,0,30,0,57,1,0,0,326,19,73,2,0,966,0,7,3,3,0,48,0.14533980427953352,1
640,100641,40,0,8,0,25,1,1,0,212,17,73,2,0,834,1,5,4,4,0,36,0.13296852047139907,1
641,100642,19,0,1,0,34,1,0,1,334,23,61,1,0,633,0,11,1,0,0,61,0.13909771164262652,1
642,100643,20,0,17,0,84,2,0,5,306,19,64,5,0,768,0,6,3,3,0,48,0.10986202689344055,1
643,100644,31,0,34,0,20,3,0,10,240,18,66,1,0,689,0,7,2,3,0,54,0.16337568290441662,1
644,100645,13,0,25,0,62,0,0,1,271,24,60,1,0,725,2,12,1,1,0,46,0.10532881550244699,1
645,100646,31,0,20,0,14,1,1,0,271,29,66,1,0,791,2,10,1,1,0,49,0.1452481002155096,1
646,100647,42,0,2,0,25,2,0,7,171,22,77,0,0,1032,0,7,2,2,0,59,0.09201220237325264,1
647,100648,24,0,9,0,24,2,1,0,161,14,77,2,0,925,0,5,3,3,0,45,0.1635936998923046,1
648,100649,16,0,13,0,18,1,3,9,329,24,57,1,1,645,0,9,0,0,0,62,0.09113174320139622,1
649,100650,21,0,12,0,4,0,2,3,231,16,66,1,1,693,1,10,2,1,0,67,0.10945845119906872,1
650,100651,29,0,2,0,8,1,0,0,186,17,79,0,0,970,1,6,2,2,0,50,0.12591438244996545,1
651,100652,23,0,9,1,16,0,4,10,330,31,58,0,0,635,0,12,2,2,0,67,0.06018285995750361,1
652,100653,22,0,3,0,42,2,0,0,211,13,71,1,0,726,0,8,1,1,2,42,0.11712889994548142,1
653,100654,24,0,25,0,43,3,0,0,205,23,78,1,0,753,1,8,5,5,0,37,0.11382534719173959,1
654,100655,33,0,12,1,14,1,1,3,302,17,67,2,0,697,0,6,5,4,0,46,0.1203610822316053,1
655,100656,32,0,4,0,18,1,1,4,212,17,74,1,0,767,0,7,2,0,0,40,0.1542370079606286,1
656,100657,31,0,45,0,53,2,0,0,247,14,73,1,0,817,0,7,1,2,1,46,0.13729162576207865,1
657,100658,24,0,30,0,28,0,1,7,284,27,61,1,0,777,2,9,5,3,0,53,0.13276851326135386,1
658,100659,22,0,11,0,31,0,1,5,335,29,54,1,1,711,0,11,3,2,0,46,0.1361754409427371,1
659,100660,36,0,21,0,34,2,2,9,306,29,60,1,1,748,0,10,4,3,0,59,0.12212108759789053,1
660,100661,22,1,12,0,20,0,1,12,190,16,71,1,0,924,0,5,5,3,0,55,0.09995446864152813,1
661,100662,17,0,0,0,0,0,1,13,239,22,70,0,1,933,0,5,2,2,0,81,0.07679978729355696,1
662,100663,40,0,11,1,17,2,0,8,349,29,60,2,0,730,1,10,6,3,0,52,0.07599579325565309,1
663,100664,19,0,20,0,34,0,2,1,206,28,66,1,0,908,0,10,1,2,0,39,0.13818990832007944,1
664,100665,27,1,22,0,7,2,1,12,356,28,52,0,0,582,0,12,4,2,0,67,0.041513932143542265,1
665,100666,29,0,20,1,30,2,1,3,264,16,68,1,0,783,0,7,4,3,1,55,0.13749560954514228,1
666,100667,19,0,31,0,64,3,1,0,255,21,64,3,1,638,1,12,3,2,1,44,0.08626635985015613,1
667,100668,36,1,10,0,14,0,2,1,211,21,64,1,0,742,1,9,3,1,0,59,0.11293516401808557,1
668,100669,26,0,19,0,50,1,2,3,311,23,53,1,0,719,2,10,2,2,0,66,0.1026376234361801,1
669,100670,29,0,16,0,21,1,1,0,213,22,73,1,0,884,2,8,1,2,0,50,0.14611269296153506,1
670,100671,32,0,36,0,24,0,0,6,322,28,63,3,0,798,2,12,1,0,0,37,0.07324041441288742,1
671,100672,18,1,41,0,80,1,0,6,348,31,56,6,1,712,1,12,1,0,1,46,-0.018770647427176268,-1
672,100673,26,1,12,0,46,0,0,8,269,19,63,2,0,790,1,10,5,1,0,44,0.11932974559382176,1
673,100674,25,1,32,0,29,2,1,2,219,17,74,0,0,723,1,8,4,3,0,44,0.11743373685587111,1
674,100675,23,0,3,0,39,0,0,0,255,21,68,1,0,857,0,11,3,3,1,54,0.15802373803561665,1
675,100676,28,0,24,0,45,2,1,8,328,22,65,1,0,877,0,6,1,1,0,40,0.1595743228959795,1
676,100677,28,0,11,0,23,1,1,0,209,16,74,2,0,827,0,7,1,1,0,55,0.17588714448453818,1
677,100678,27,1,26,0,39,2,0,2,258,13,74,1,0,968,0,5,5,5,1,45,0.07473346732699848,1
678,100679,38,0,9,0,8,1,0,12,245,19,66,1,0,802,2,9,4,4,2,62,0.0754073887802918,1
679,100680,20,0,1,0,10,0,2,3,390,43,41,0,0,523,0,13,2,2,0,54,0.050426670212237124,1
680,100681,33,0,20,0,22,0,5,6,309,26,64,1,0,668,0,11,1,1,0,59,0.10697291752484794,1
681,100682,30,0,10,0,37,3,0,0,216,13,70,1,0,719,0,9,2,0,1,47,0.16121355080368682,1
682,100683,20,0,22,0,26,4,0,16,189,13,69,1,1,894,0,2,2,2,0,55,0.0828702542464203,1
683,100684,24,0,9,0,13,2,0,0,201,22,74,1,0,793,0,6,4,4,0,49,0.17486483359561866,1
684,100685,29,0,5,0,23,0,1,0,304,24,65,0,0,704,1,10,4,6,0,50,0.13975670618531494,1
685,100686,32,1,25,0,30,3,0,5,222,20,68,1,0,844,0,7,2,1,0,54,0.13943664420070517,1
686,100687,26,0,10,0,30,1,1,3,220,18,74,2,0,862,0,3,4,4,0,38,0.1479679653555725,1
687,100688,35,0,18,0,67,2,1,2,236,22,73,0,0,743,0,9,5,4,1,49,0.1277260240798846,1
688,100689,28,1,11,0,23,1,1,4,257,20,68,2,0,793,0,8,5,3,1,52,0.13290205241850578,1
689,100690,22,0,3,0,11,1,1,0,212,21,68,0,0,881,0,9,1,1,0,56,0.17203120208186579,1
690,100691,38,0,22,0,22,5,0,2,225,16,75,2,0,779,1,4,2,2,0,47,0.12188125577171116,1
691,100692,30,1,6,0,26,1,0,11,254,18,60,2,0,818,0,11,3,0,0,47,0.11539714882207891,1
692,100693,26,0,6,0,18,1,1,5,233,27,59,0,0,604,0,16,2,2,1,57,0.11663436992000553,1
693,100694,38,0,18,0,15,3,0,7,245,19,65,1,0,822,2,9,4,2,0,60,0.13452708608507957,1
694,100695,34,0,9,0,25,1,2,6,323,26,59,1,1,635,0,8,5,5,0,49,0.12064164814140749,1
695,100696,25,0,3,0,6,1,2,10,265,17,67,1,0,756,0,11,2,0,2,59,0.10852778560619686,1
696,100697,20,0,25,0,20,1,3,3,259,25,64,1,0,834,1,7,0,0,0,55,0.12387379692181061,1
697,100698,34,0,14,0,27,1,0,0,173,19,76,0,0,1008,1,10,1,1,0,51,0.11310725709188968,1
698,100699,21,0,37,0,8,1,3,16,333,43,52,2,0,625,0,15,2,2,1,53,0.05013578657982665,1
699,100700,39,0,15,0,7,0,2,1,238,20,79,0,0,850,0,6,8,5,1,51,0.07956783069121898,1
700,100701,23,0,11,0,48,1,1,4,221,29,67,2,0,819,0,9,2,2,0,58,0.17663182104128056,1
701,100702,33,0,13,0,28,0,0,3,257,21,68,2,0,794,1,6,2,0,0,50,0.1578960644218737,1
702,100703,21,0,5,0,27,1,2,6,287,20,66,1,0,746,0,6,3,2,1,64,0.1563046122026283,1
703,100704,23,0,38,0,40,4,1,12,393,22,53,2,1,582,0,16,1,0,2,40,-0.009653919685897017,-1
704,100705,45,0,9,0,13,2,1,0,199,17,76,3,0,830,0,1,4,3,0,42,0.12527766030242704,1
705,100706,25,0,8,0,36,3,0,4,243,16,71,1,0,819,1,6,5,6,1,55,0.1278843313480546,1
706,100707,23,0,0,0,4,0,0,10,313,28,65,1,0,831,0,10,3,0,0,70,0.12919927312661694,1
707,100708,23,0,28,0,24,1,1,5,335,36,52,1,1,595,0,12,1,1,0,52,0.09934951355306254,1
708,100709,20,0,7,0,6,1,1,3,175,16,69,2,0,729,1,7,3,2,0,48,0.16812390832938406,1
709,100710,20,1,6,0,17,0,3,11,291,29,62,1,1,718,1,12,2,0,0,62,0.05138790526996884,1
710,100711,25,0,55,0,39,0,2,4,266,20,63,3,0,743,2,13,1,0,0,49,0.0636686625653824,1
711,100712,23,0,16,0,27,2,2,7,264,20,61,2,1,703,2,10,1,1,2,42,0.0735742765321501,1
712,100713,26,0,19,0,24,3,1,1,233,20,66,0,0,681,0,8,3,2,1,40,0.17289850243731913,1
713,100714,19,0,13,0,56,1,0,0,338,26,63,2,0,740,0,9,2,2,0,45,0.17661678722979507,1
714,100715,28,0,3,0,19,2,0,9,266,25,69,2,0,792,0,9,0,1,1,58,0.14800704335955817,1
715,100716,20,0,28,0,19,0,1,7,266,23,64,1,0,696,0,11,1,1,0,50,0.16674540162393653,1
716,100717,21,0,6,0,21,2,2,20,369,27,56,1,0,702,0,11,0,0,0,65,0.0808064693297299,1
717,100718,30,0,33,0,33,2,0,0,305,21,64,3,0,797,1,8,0,3,0,39,0.13473730523507693,1
718,100719,29,0,4,0,13,3,0,8,241,28,58,1,0,698,0,8,5,5,1,48,0.13057916100133027,1
719,100720,28,0,11,0,23,2,2,4,249,31,63,0,0,713,0,13,2,1,0,47,0.15341100739345798,1
720,100721,39,0,31,0,17,5,0,9,244,19,59,1,0,671,0,11,4,3,2,40,0.07747517991649228,1
721,100722,25,0,16,0,29,2,1,5,334,26,55,1,1,579,0,13,1,0,1,51,0.10595887093456263,1
722,100723,31,0,2,0,30,1,1,0,243,20,74,1,0,940,0,4,2,2,0,58,0.15383427318217063,1
723,100724,29,0,21,0,17,0,1,0,216,24,67,1,0,793,1,7,4,3,0,49,0.1750041961365562,1
724,100725,35,0,35,0,30,1,0,1,248,15,73,2,0,789,0,10,3,1,0,33,0.15496198571118086,1
725,100726,7,1,5,0,3,1,3,13,318,24,52,0,2,601,0,11,3,0,1,70,-0.036560384686533665,-1
726,100727,25,1,23,0,19,2,0,7,358,24,60,0,1,641,0,8,2,1,0,45,0.10548898223580377,1
727,100728,29,0,21,1,43,1,0,0,316,29,63,1,0,806,2,9,5,5,0,49,0.08345172138066065,1
728,100729,34,1,27,0,43,5,1,0,212,16,69,1,0,790,0,7,4,3,1,43,0.09856331010469466,1
729,100730,20,0,27,0,35,0,1,0,203,9,73,1,0,970,0,5,4,2,0,50,0.13777199969380277,1
730,100731,28,1,13,0,44,0,2,1,230,21,65,2,0,704,1,10,5,4,0,46,0.09881372186708981,1
731,100732,31,0,33,0,37,3,2,0,269,28,65,0,0,677,0,10,2,2,0,45,0.1377104596948991,1
732,100733,26,0,21,0,31,1,3,7,260,16,73,0,0,815,1,5,2,1,1,55,0.13266378638627918,1
733,100734,24,0,11,0,11,0,1,3,199,18,68,1,0,878,0,5,4,6,0,48,0.15465703801808584,1
734,100735,22,0,6,0,47,0,0,7,302,22,61,0,0,806,0,8,4,1,1,66,0.1232467591502111,1
735,100736,22,0,5,0,0,0,1,11,252,27,58,0,1,677,1,11,1,0,1,73,0.04810697309153045,1
736,100737,24,0,10,0,17,1,1,2,168,15,74,1,0,1012,0,3,3,3,1,59,0.12742596042038712,1
737,100738,30,0,1,0,18,2,1,2,209,16,67,1,1,768,0,9,3,3,0,47,0.1540052811627874,1
738,100739,26,0,12,0,19,4,2,2,312,22,62,0,0,671,1,9,0,0,1,44,0.11316674887096256,1
739,100740,27,0,18,0,9,3,1,1,160,6,78,0,0,877,0,5,4,3,1,48,0.11656865855379,1
740,100741,37,0,10,0,19,0,0,4,197,19,72,0,0,892,0,5,3,3,0,61,0.14802565032065773,1
741,100742,18,0,8,0,42,0,3,13,337,29,57,3,0,770,1,8,2,1,0,65,0.07564918622649475,1
742,100743,23,0,15,0,33,1,1,4,230,23,64,1,0,812,0,9,2,1,1,50,0.19146478650631205,1
743,100744,26,0,6,0,60,1,0,3,263,19,73,3,0,836,0,9,5,3,0,40,0.13496150732181283,1
744,100745,27,0,26,0,43,1,1,2,325,26,59,2,0,702,0,13,5,2,1,49,0.1384564650500587,1
745,100746,31,0,3,1,21,0,1,3,263,22,63,0,0,908,2,9,3,2,0,68,0.08282905533457513,1
746,100747,20,0,23,0,39,3,0,0,264,20,68,4,0,766,0,5,1,0,0,51,0.1405650886618851,1
747,100748,20,0,26,0,60,1,0,4,401,33,56,3,1,586,0,16,1,1,0,40,0.06452573164637643,1
748,100749,17,0,32,0,45,4,0,0,249,31,62,0,0,570,0,11,3,3,0,43,0.10782466899997484,1
749,100750,28,0,20,0,25,0,0,0,214,21,74,2,0,986,0,6,0,2,0,58,0.12336046400140083,1
750,100751,27,0,3,0,23,1,0,4,338,22,57,2,0,712,0,8,0,0,0,46,0.14751042488461097,1
751,100752,17,0,17,0,16,0,1,0,266,22,64,0,0,799,2,11,1,1,0,49,0.1359129659906046,1
752,100753,16,0,24,0,29,2,0,12,411,25,51,1,0,535,0,12,1,1,0,46,0.0774335039493112,1
753,100754,33,0,16,0,12,2,1,3,197,21,74,1,0,914,0,5,3,3,0,52,0.17437260194060483,1
754,100755,32,0,16,0,47,2,1,5,326,19,62,0,0,766,1,5,3,4,1,36,0.12389744194909824,1
755,100756,13,0,24,0,25,2,1,3,329,31,58,3,0,646,0,13,2,1,1,45,0.11211735830111247,1
756,100757,26,0,1,0,3,1,0,4,243,22,71,0,0,814,0,8,5,4,0,69,0.14566966581379265,1
757,100758,26,0,19,0,34,2,1,6,267,12,70,1,0,840,0,3,3,3,0,49,0.16229807385240458,1
758,100759,21,0,2,0,8,1,0,2,251,27,65,1,0,729,0,5,4,3,0,59,0.16686686151072705,1
759,100760,32,1,20,0,13,1,1,0,371,33,58,0,0,696,0,9,3,1,1,63,0.0782414800829574,1
760,100761,25,0,7,0,53,1,0,2,263,15,66,0,0,793,1,6,3,1,0,43,0.16175219365992716,1
761,100762,32,0,5,0,13,2,0,14,276,30,64,1,0,760,0,10,3,3,0,53,0.1630034361294202,1
762,100763,26,0,0,0,18,1,1,5,320,28,66,1,0,893,0,6,1,2,0,64,0.15408889751959587,1
763,100764,36,0,29,0,32,1,1,2,158,13,76,2,0,827,0,8,1,1,1,34,0.12705815945331045,1
764,100765,34,0,30,0,19,0,1,10,202,27,70,1,0,755,0,9,7,7,0,32,0.07620341495702965,1
765,100766,30,1,33,0,45,1,0,0,233,18,71,3,0,839,0,8,2,1,1,40,0.11419760987071292,1
766,100767,31,0,1,0,2,0,2,10,227,26,66,0,0,817,1,7,7,7,0,67,0.07784439468321819,1
767,100768,28,0,14,0,40,3,0,5,347,23,59,1,0,755,0,10,4,3,0,57,0.16851426319102758,1
768,100769,26,0,15,0,56,5,0,5,148,14,74,1,0,956,0,5,1,2,0,36,0.08848319072137184,1
769,100770,28,0,3,0,13,1,1,9,178,18,78,2,0,895,0,5,3,3,0,58,0.14397988771942694,1
770,100771,25,0,9,0,50,2,0,0,294,25,69,2,0,750,1,11,4,4,0,36,0.14642056642364787,1
771,100772,30,0,30,0,20,1,0,2,143,8,75,1,0,957,1,3,4,3,0,43,0.11346868137721305,1
772,100773,32,0,12,0,52,1,0,0,268,14,69,0,0,890,0,7,4,5,0,48,0.15825558992220062,1
773,100774,39,0,10,0,35,1,1,5,279,19,65,3,1,748,3,5,5,3,0,52,0.06666006367375765,1
774,100775,35,0,21,0,28,1,0,2,166,22,74,1,0,1036,1,7,2,2,0,44,0.13412110170478958,1
775,100776,23,0,22,0,34,1,0,7,297,29,62,2,0,752,1,9,3,2,0,56,0.1639523881578256,1
776,100777,34,2,7,0,20,0,2,8,294,23,55,1,1,605,0,8,3,1,0,62,0.06553471958612522,1
777,100778,29,0,23,0,17,3,1,0,308,25,66,0,0,639,0,11,3,2,2,53,0.10851234360011397,1
778,100779,34,0,23,0,40,4,0,1,184,16,70,1,0,700,1,9,2,2,0,45,0.15412933127821044,1
779,100780,18,0,12,0,13,2,2,8,331,26,54,0,0,536,1,13,0,0,1,57,0.06711892952238935,1
780,100781,31,0,5,0,37,3,1,1,256,13,65,0,0,868,0,8,2,2,1,40,0.14977206876618432,1
781,100782,35,1,16,0,28,1,2,7,199,21,66,0,0,780,0,5,5,3,0,52,0.10695035130588892,1
782,100783,28,0,10,0,38,2,1,0,295,19,69,2,0,795,0,7,3,1,0,41,0.18906223329530808,1
783,100784,31,0,11,0,15,2,0,0,206,22,68,1,0,775,0,10,3,1,0,57,0.18673075011724166,1
784,100785,20,0,5,0,26,2,1,1,247,15,63,0,0,728,1,8,3,0,1,56,0.14362386511660208,1
785,100786,24,1,13,0,18,1,0,0,271,25,65,2,0,796,0,12,3,2,1,54,0.13080158027308103,1
786,100787,21,0,18,0,38,2,0,0,339,33,65,1,0,850,0,8,3,4,1,53,0.1461961931769422,1
787,100788,26,0,12,0,12,0,1,1,311,27,62,0,1,728,0,7,1,0,0,56,0.14126580368135344,1
788,100789,13,0,19,0,33,0,2,8,348,29,53,6,0,751,0,15,0,0,0,58,0.040174966634615394,1
789,100790,26,0,15,0,39,0,0,0,206,12,73,0,0,887,1,7,3,3,0,49,0.15227121984650643,1
790,100791,37,0,32,0,52,6,0,9,146,13,79,3,0,845,1,7,3,3,0,30,0.029206582774580547,1
791,100792,32,0,12,0,52,0,0,1,198,16,73,4,0,904,0,6,6,3,0,52,0.11090502128849655,1
792,100793,31,0,10,0,11,1,1,5,207,17,66,0,0,835,0,7,3,0,0,63,0.1613913212007127,1
793,100794,39,0,7,0,17,3,1,4,300,26,69,1,0,798,1,8,5,4,1,63,0.1197477876143041,1
794,100795,17,0,0,0,6,1,2,3,348,34,58,2,0,629,1,13,4,3,0,63,0.08922485458531204,1
795,100796,30,0,10,0,29,1,1,1,214,24,60,0,0,600,0,9,5,4,0,57,0.14464578151871177,1
796,100797,31,0,22,0,36,3,1,8,189,18,66,0,2,791,1,9,3,2,1,49,0.08603012385546022,1
797,100798,34,0,1,0,2,2,0,4,258,22,69,0,0,783,1,8,5,5,0,53,0.1466259720055108,1
798,100799,32,0,5,0,13,2,2,12,244,18,62,0,1,724,0,8,0,0,0,60,0.10518362725930835,1
799,100800,22,0,26,1,35,4,1,3,234,21,75,4,0,777,1,6,4,2,0,36,0.06997874223908113,1
800,100801,27,0,8,1,37,1,4,2,326,25,59,0,0,667,2,12,1,2,1,63,0.031970215713142625,1
801,100802,39,0,46,0,19,1,0,4,204,19,72,0,0,888,1,8,2,1,1,60,0.10041264399903971,1
802,100803,10,0,38,0,50,1,0,0,332,26,53,2,2,760,1,10,1,1,1,41,0.04306998872811574,1
803,100804,26,0,9,0,10,2,1,6,179,17,70,2,0,794,2,9,3,3,0,49,0.1473616593985329,1
804,100805,22,0,16,0,25,1,1,1,267,20,68,1,0,891,0,6,1,0,0,52,0.17357793343320865,1
805,100806,18,0,14,0,32,0,0,1,208,21,73,2,1,890,0,5,0,0,0,40,0.09410824428883335,1
806,100807,25,0,2,0,15,0,0,4,302,22,68,1,0,780,0,11,3,2,0,59,0.17830323689465927,1
807,100808,24,0,36,0,27,2,0,9,317,31,59,2,0,672,0,11,3,3,1,45,0.1362142291930003,1
808,100809,23,0,11,0,6,1,0,2,243,19,67,1,0,937,1,8,5,3,0,60,0.1438280151992205,1
809,100810,36,0,2,0,3,0,2,18,222,24,68,1,1,725,0,5,5,3,0,57,0.082669245831335,1
810,100811,27,0,11,1,34,2,0,4,286,28,63,2,2,709,0,6,2,2,0,43,0.06952928798169422,1
811,100812,23,1,18,0,12,4,1,1,155,18,74,0,0,847,1,9,1,0,1,41,0.06635343716617231,1
812,100813,32,0,19,0,61,2,0,1,253,19,71,3,0,800,3,12,2,2,2,44,0.06495529686296753,1
813,100814,26,1,15,0,24,1,0,2,242,21,69,1,0,889,0,4,4,2,0,60,0.1356719145269975,1
814,100815,36,0,15,0,17,3,2,2,187,15,74,1,0,864,0,4,3,3,1,58,0.13939121638502455,1
815,100816,22,0,12,0,22,2,0,1,343,24,61,0,0,642,0,6,2,2,1,49,0.1615204773736607,1
816,100817,25,0,37,0,23,1,1,2,178,12,76,0,0,890,0,5,3,3,1,40,0.13653073459974618,1
817,100818,36,0,20,0,32,3,1,3,183,13,76,0,1,872,0,3,4,4,0,49,0.10853579826729748,1
818,100819,44,0,57,0,17,5,0,0,222,14,76,1,0,802,0,6,3,2,2,41,0.0667413188516936,1
819,100820,26,0,14,1,34,2,1,0,313,25,62,2,0,708,0,9,4,2,0,59,0.12499270791403078,1
820,100821,26,0,17,0,16,1,0,5,191,19,70,0,0,860,0,7,0,0,0,53,0.14974143274877283,1
821,100822,26,0,13,0,34,2,0,0,182,16,75,1,0,888,1,4,3,3,1,48,0.1560499554900055,1
822,100823,29,0,24,0,30,1,2,0,330,22,61,2,0,756,2,5,2,2,0,58,0.12812376229115324,1
823,100824,33,0,21,0,30,2,0,1,273,19,67,2,0,840,0,4,4,4,0,50,0.17452817566059237,1
824,100825,29,1,22,0,22,1,0,0,174,22,68,1,0,943,1,8,1,1,0,64,0.09809282723398222,1
825,100826,35,0,30,0,12,1,0,3,206,17,72,2,0,757,1,7,4,4,0,39,0.15660104244528283,1
826,100827,41,0,17,0,33,2,0,11,282,23,63,1,0,675,2,11,3,2,0,50,0.12702792218556114,1
827,100828,28,0,29,0,52,3,0,2,198,17,72,1,1,866,0,7,6,6,0,37,0.08437843300921549,1
828,100829,29,0,8,0,3,1,2,2,209,18,68,0,0,820,0,7,2,2,1,54,0.17078730031015255,1
829,100830,30,0,22,0,22,1,1,0,257,18,73,2,0,853,0,6,2,2,1,42,0.17456947879561707,1
830,100831,23,1,4,0,6,2,1,8,255,23,63,0,0,730,1,14,2,0,2,48,0.03582237442185909,1
831,100832,19,0,22,0,38,1,0,0,339,28,54,3,1,610,1,11,3,3,0,48,0.0975843126929456,1
832,100833,29,0,16,0,6,1,0,0,256,17,70,0,0,866,0,7,2,2,1,39,0.15926263056954065,1
833,100834,23,0,13,0,33,3,0,7,172,16,74,0,0,885,1,7,2,1,0,55,0.12835452804879116,1
834,100835,35,0,19,0,35,1,1,0,242,16,69,1,1,888,0,7,2,3,0,57,0.1477329585216437,1
835,100836,38,0,15,0,45,2,0,0,226,14,71,1,0,898,0,4,2,3,0,39,0.1451880637000773,1
836,100837,27,0,6,0,5,1,1,3,268,24,66,0,0,898,0,10,2,1,0,54,0.17052249061593144,1
837,100838,21,0,9,0,15,4,0,3,196,17,73,2,0,963,0,5,1,1,0,31,0.11200580639957142,1
838,100839,30,0,25,0,28,1,1,1,252,14,73,2,0,977,0,7,2,1,0,49,0.1698151640914533,1
839,100840,25,0,60,0,53,3,0,0,204,15,75,1,0,810,0,5,2,1,0,40,0.12515591611354343,1
840,100841,20,0,13,0,28,0,1,3,285,24,64,1,0,784,1,8,1,0,0,44,0.1598160166016238,1
841,100842,28,1,9,0,8,4,0,12,264,26,68,1,0,681,0,12,4,3,2,46,0.05600478210417248,1
842,100843,29,0,3,0,2,1,2,15,228,22,66,0,0,734,1,12,1,1,0,47,0.13227290906362,1
843,100844,17,0,5,0,1,0,1,7,243,19,67,0,0,766,0,6,2,1,0,70,0.13949836593151838,1
844,100845,18,0,18,0,23,3,0,0,221,28,59,2,0,681,1,12,0,0,0,49,0.10267421142330874,1
845,100846,22,0,25,0,11,3,3,8,313,31,60,2,1,632,2,16,1,1,2,55,0.0001658540793387786,1
846,100847,26,0,19,0,26,2,1,1,253,20,67,2,0,796,0,7,2,0,0,51,0.18435383749627388,1
847,100848,23,0,14,0,20,2,1,4,192,19,74,1,0,844,1,5,5,3,0,55,0.145168081537144,1
848,100849,24,0,1,0,6,1,2,1,155,12,74,1,0,842,0,5,3,2,0,59,0.13005848054969038,1
849,100850,34,0,10,0,68,2,0,5,264,22,69,0,0,826,0,10,0,1,0,43,0.1336049497821581,1
850,100851,30,0,9,0,41,3,0,0,303,24,60,3,0,626,1,9,3,1,0,44,0.14629709017075926,1
851,100852,25,1,0,0,15,0,2,6,179,16,72,3,0,950,1,6,3,2,0,69,0.07113067972356779,1
852,100853,30,0,7,0,12,3,1,14,259,27,63,0,1,786,0,10,3,2,0,55,0.1343717859343711,1
853,100854,32,0,16,0,35,1,2,2,299,23,66,0,0,818,2,7,3,1,2,61,0.08745204374863286,1
854,100855,20,0,6,0,8,0,3,6,355,30,53,1,0,672,1,10,2,1,0,66,0.09618578764991947,1
855,100856,39,0,23,0,30,4,1,0,195,18,72,0,0,711,0,6,1,1,2,44,0.10797317249991323,1
856,100857,21,0,0,0,24,1,2,0,231,17,70,3,0,720,1,7,3,1,1,52,0.14081186045040262,1
857,100858,19,0,19,0,32,1,0,0,231,18,64,0,0,715,0,11,4,4,1,42,0.15259406544610638,1
858,100859,23,0,7,0,24,0,1,0,269,22,66,2,0,659,1,10,5,2,0,51,0.16315821329972058,1
859,100860,22,0,7,0,19,1,1,7,294,26,59,0,0,682,0,9,2,1,0,50,0.17355680841476112,1
860,100861,29,0,8,0,13,1,1,6,263,33,61,1,0,787,2,8,2,2,0,52,0.14211683578846812,1
861,100862,36,0,13,1,30,1,1,0,241,27,65,0,0,749,2,10,4,2,1,59,0.07973547680091553,1
862,100863,21,0,13,0,11,3,0,6,294,14,66,0,2,765,1,10,2,1,1,48,0.0860053237505361,1
863,100864,30,0,15,0,38,1,1,1,243,20,75,2,0,929,1,6,4,3,0,50,0.16443116372053868,1
864,100865,19,0,48,0,25,0,0,0,299,19,61,1,0,658,0,7,4,2,0,42,0.13557729882907138,1
865,100866,21,0,15,0,42,2,0,2,344,22,55,2,1,643,0,10,5,4,0,47,0.12623195146584032,1
866,100867,28,0,18,0,23,1,1,4,226,28,56,1,1,561,1,12,0,0,1,36,0.08158595331502067,1
867,100868,24,1,12,0,12,2,4,1,392,34,49,1,2,479,0,9,5,4,0,63,-0.03916823810163328,-1
868,100869,27,0,14,1,21,1,2,9,261,22,66,2,0,796,2,10,2,1,1,59,0.09334590500332152,1
869,100870,28,0,11,0,52,2,0,0,249,18,68,1,0,765,0,9,6,5,0,43,0.1561443317060789,1
870,100871,26,0,11,0,32,0,1,4,248,23,69,3,0,922,0,5,3,2,0,64,0.15072584026236385,1
871,100872,24,0,16,0,27,1,0,0,196,17,72,2,0,848,2,6,2,2,0,57,0.14795051180845398,1
872,100873,29,0,51,0,30,4,1,7,232,25,66,2,0,899,0,6,3,3,0,35,0.1063474516140191,1
873,100874,32,0,8,0,43,0,0,0,281,19,61,0,0,836,0,10,1,0,0,51,0.1497280903687634,1
874,100875,19,0,25,0,39,3,1,0,219,18,66,1,0,824,0,10,2,1,1,51,0.16714390528203132,1
875,100876,35,0,21,0,23,0,1,1,316,27,63,1,2,792,0,8,2,0,0,52,0.10790903452359507,1
876,100877,38,0,5,0,12,3,1,4,248,18,71,1,0,645,1,6,5,3,0,42,0.13362702490728218,1
877,100878,28,0,38,0,26,3,2,0,191,15,73,2,0,739,0,7,2,2,0,39,0.14744224550923485,1
878,100879,26,0,18,0,24,3,2,16,233,18,69,0,0,668,1,5,1,0,0,47,0.12099262600203087,1
879,100880,33,0,15,0,47,0,1,2,254,28,61,3,0,795,0,10,0,0,0,38,0.12650234146988326,1
880,100881,32,0,21,0,11,1,0,0,255,24,70,2,0,752,1,11,3,1,0,46,0.1757024181141696,1
881,100882,20,0,24,0,49,1,0,0,338,20,63,4,1,716,0,9,4,4,0,54,0.11915335575207642,1
882,100883,25,0,53,0,42,2,1,0,260,18,60,2,1,750,0,8,2,1,0,44,0.13717838421023154,1
883,100884,36,0,20,0,20,1,2,2,191,18,76,1,0,859,0,4,4,2,0,54,0.1524737295516176,1
884,100885,24,0,26,0,41,3,0,0,274,22,60,3,0,885,2,10,1,1,1,43,0.10812003022070199,1
885,100886,26,0,3,2,32,2,1,1,246,26,71,3,0,856,1,5,3,3,0,63,0.08457978876367628,1
886,100887,26,0,18,0,39,2,1,0,255,14,70,0,0,792,0,6,5,5,0,32,0.1323666507972009,1
887,100888,27,0,18,0,26,0,2,8,279,20,61,4,1,658,0,10,5,3,1,44,0.09697847502794499,1
888,100889,41,0,20,0,50,3,0,0,250,26,63,1,0,682,0,10,3,3,1,45,0.15371444435106774,1
889,100890,31,0,8,0,33,0,2,1,278,21,61,0,1,671,0,11,1,1,0,52,0.13776625655307073,1
890,100891,22,0,8,0,18,1,0,4,259,35,56,0,0,804,1,10,0,0,0,54,0.11809075106299921,1
891,100892,22,0,19,0,19,1,0,0,299,19,71,2,0,850,1,9,4,2,1,40,0.15870585393151931,1
892,100893,36,0,61,0,53,4,0,0,181,13,75,1,0,976,0,3,1,1,0,49,0.07157047586583593,1
893,100894,20,0,13,0,34,0,0,10,344,37,52,1,0,626,0,13,4,4,0,59,0.08016674855543132,1
894,100895,21,0,17,0,58,2,1,0,253,15,67,2,0,754,0,10,0,0,1,36,0.13426892555950326,1
895,100896,30,0,10,0,27,0,0,0,307,29,59,2,0,703,1,16,3,3,1,54,0.11824330597326144,1
896,100897,27,2,28,0,54,3,0,3,248,19,70,1,0,902,2,7,3,1,0,55,0.05902469573097058,1
897,100898,21,0,19,0,20,2,1,4,263,23,70,3,0,734,0,11,1,1,0,39,0.15828126223370637,1
898,100899,28,0,21,0,46,2,0,0,187,17,73,1,0,877,1,6,4,4,1,38,0.14533530829453617,1
899,100900,27,0,6,0,11,2,1,8,208,20,67,1,1,733,0,9,5,4,1,55,0.1227673312747703,1
900,100901,36,0,27,0,59,1,0,1,230,20,70,1,0,826,0,8,3,3,0,34,0.14817739546168612,1
901,100902,25,0,2,0,4,1,0,2,272,25,67,0,0,766,0,8,5,3,1,71,0.13491029734350457,1
902,100903,24,1,34,0,37,2,0,0,320,17,65,4,0,694,0,11,1,0,0,42,0.09342303826200027,1
903,100904,30,0,9,0,39,1,0,2,253,24,66,4,1,860,0,7,3,2,0,56,0.1413116171300568,1
904,100905,35,0,22,0,36,1,0,1,304,28,66,3,0,733,1,11,2,3,0,42,0.15458497119279274,1
905,100906,29,0,45,0,48,2,0,0,268,19,68,4,1,787,0,7,2,2,0,33,0.09205280331340338,1
906,100907,27,1,27,0,34,1,1,4,297,18,61,2,2,672,2,9,5,1,0,53,0.05511075234050322,1
907,100908,18,0,9,1,22,1,1,23,315,24,58,0,1,582,0,12,3,3,0,58,0.03155807523608878,1
908,100909,22,0,20,0,3,5,0,1,267,26,67,0,0,793,1,8,2,1,0,46,0.1556193795236963,1
909,100910,24,0,37,0,21,0,0,2,251,25,70,1,0,825,0,8,2,3,1,45,0.16404321261401433,1
910,100911,36,0,7,0,21,4,1,0,204,14,79,3,0,887,0,4,5,4,2,43,0.0732130641918009,1
911,100912,18,0,4,0,1,0,3,6,258,27,51,0,2,546,1,11,6,3,0,72,-0.0036616476307295143,-1
912,100913,20,0,13,0,28,1,2,0,268,18,65,2,0,785,0,5,6,3,0,59,0.13595342919268677,1
913,100914,20,1,29,1,40,0,2,10,283,27,60,1,1,646,0,9,4,2,0,58,0.02453771998762544,1
914,100915,19,0,55,0,18,4,0,0,210,19,72,1,0,825,1,6,2,1,0,46,0.13255126541247114,1
915,100916,26,0,46,0,50,1,2,5,253,24,67,3,0,751,0,7,2,2,0,56,0.14664357205494194,1
916,100917,19,0,37,0,71,1,0,0,299,29,58,4,0,734,0,16,0,0,0,47,0.05202077965163865,1
917,100918,45,0,14,0,49,0,1,0,248,17,73,2,0,991,0,5,4,6,0,41,0.10731110204902189,1
918,100919,30,0,16,0,14,1,0,1,255,21,71,0,0,874,1,6,3,1,0,47,0.16930814798884236,1
919,100920,15,0,41,0,49,0,1,0,290,15,62,1,0,631,1,9,1,1,1,40,0.09733352814511975,1
920,100921,27,0,4,0,10,0,0,22,249,26,65,2,1,795,0,8,5,5,0,61,0.08857556664590283,1
921,100922,23,0,11,0,29,0,1,0,290,20,67,0,0,881,0,11,5,5,0,48,0.14769828676303032,1
922,100923,32,0,31,0,39,2,1,0,298,17,66,2,0,853,0,10,0,0,0,48,0.14773822187827113,1
923,100924,25,0,2,0,17,0,1,2,201,21,69,0,0,903,0,6,5,3,0,61,0.1420204968751686,1
924,100925,25,0,24,0,38,0,1,8,188,17,76,1,0,726,0,9,4,3,0,37,0.1453781848056096,1
925,100926,26,0,38,0,20,3,2,7,251,31,63,1,0,705,0,14,4,2,1,55,0.10006194285065229,1
926,100927,22,0,48,0,69,3,0,8,296,15,71,5,0,859,0,5,1,1,0,38,0.08456216048641824,1
927,100928,26,1,15,0,70,4,0,0,413,24,56,1,0,674,0,11,3,2,1,32,0.04367365343680296,1
928,100929,14,0,12,0,17,0,1,0,269,22,63,0,0,821,0,11,1,0,0,70,0.12947217917849074,1
929,100930,25,1,19,0,18,1,0,14,318,29,51,1,2,672,1,12,4,2,0,50,0.029249889789807804,1
930,100931,28,0,2,0,18,1,1,0,236,19,73,0,0,936,1,7,5,4,0,56,0.14216553040635005,1
931,100932,27,0,9,0,35,2,1,0,152,11,76,0,0,886,0,6,3,3,1,50,0.14822137169632832,1
932,100933,33,0,4,0,29,2,1,3,203,26,72,2,0,856,0,7,3,3,1,54,0.16722704159405272,1
933,100934,27,0,19,0,25,0,0,0,271,14,71,1,0,1040,0,4,2,1,0,52,0.1525923092559347,1
934,100935,21,0,7,0,15,0,0,0,255,19,73,2,0,983,0,8,4,1,0,53,0.14707598191637367,1
935,100936,26,1,12,0,3,1,0,9,252,28,63,0,1,767,0,9,5,2,0,64,0.09931688575433273,1
936,100937,41,0,10,0,11,0,1,1,199,16,76,0,0,972,1,4,1,1,0,44,0.11144399358025547,1
937,100938,31,0,40,0,31,2,1,2,330,23,69,3,0,741,0,4,2,1,0,36,0.13385137406745978,1
938,100939,22,0,20,0,13,0,3,12,414,28,58,2,0,754,0,9,1,0,0,61,0.09787070212512566,1
939,100940,32,0,12,0,15,1,1,7,249,18,67,1,0,782,0,8,1,1,0,52,0.1890744947212344,1
940,100941,28,0,9,0,20,0,2,0,252,21,67,0,0,787,0,8,4,4,0,52,0.16982256621336184,1
941,100942,28,0,35,0,32,1,3,0,197,16,74,2,1,811,0,5,2,3,1,56,0.10691842385185152,1
942,100943,32,0,18,0,58,1,1,0,280,26,54,0,0,666,1,13,3,5,0,39,0.10710030643422302,1
943,100944,23,0,7,0,13,0,0,8,396,42,47,1,1,546,2,20,2,2,0,63,0.014395620596575731,1
944,100945,26,0,5,0,11,2,1,0,225,20,67,2,0,767,0,9,5,5,1,41,0.15423361509101607,1
945,100946,20,0,13,0,21,1,1,4,313,22,51,0,1,612,0,10,3,2,1,47,0.10943431202922727,1
946,100947,19,0,20,0,37,1,0,0,196,14,70,2,0,670,0,5,4,2,0,49,0.1689178008579686,1
947,100948,20,0,11,0,27,2,2,0,257,20,62,3,1,708,0,7,1,1,0,59,0.12431336450268243,1
948,100949,25,0,13,0,12,1,1,9,239,17,68,0,0,871,0,10,4,2,1,63,0.15698445814535295,1
949,100950,24,0,11,1,16,1,3,0,259,21,65,0,0,641,1,11,3,2,0,51,0.11854987871666517,1
950,100951,24,0,10,0,19,0,0,3,327,24,61,1,0,832,1,12,3,1,0,66,0.14671550461688032,1
951,100952,18,0,27,0,91,3,0,1,309,17,67,4,0,813,1,11,2,2,1,42,0.08490775272021706,1
952,100953,41,0,16,0,39,1,1,4,198,19,72,1,0,855,1,5,7,7,0,45,0.08961904660251019,1
953,100954,37,0,18,1,12,2,1,7,274,29,63,1,0,671,0,8,3,3,0,44,0.12043002804594821,1
954,100955,38,0,2,0,2,1,0,0,160,13,80,0,0,1023,0,3,3,4,0,47,0.06784270422548605,1
955,100956,24,0,22,0,35,0,3,0,246,20,70,3,0,886,0,7,2,2,1,49,0.1450459219853964,1
956,100957,21,0,0,0,1,2,1,5,271,29,57,0,0,684,2,10,2,1,0,74,0.0870719267845172,1
957,100958,29,1,20,0,35,0,1,7,246,27,62,1,0,714,1,10,2,1,0,59,0.13162126374446403,1
958,100959,27,0,9,0,48,0,0,6,231,17,69,1,1,764,1,7,5,4,0,53,0.13135468433518788,1
959,100960,28,0,1,0,11,0,1,3,202,13,69,0,0,788,0,6,2,2,1,60,0.14239279230336005,1
960,100961,28,0,54,0,43,1,0,0,211,14,66,0,1,858,0,7,3,2,0,50,0.1376444798239354,1
961,100962,37,0,3,0,6,3,1,4,195,17,73,1,0,819,1,5,1,1,1,55,0.11750615617752808,1
962,100963,20,0,15,0,27,1,0,11,340,28,60,1,0,624,1,11,3,3,1,56,0.13237233487281252,1
963,100964,37,0,35,0,31,2,0,0,215,11,76,2,0,810,0,2,5,5,0,45,0.10797450226882715,1
964,100965,21,0,2,0,28,0,2,4,292,24,72,1,0,880,0,6,2,1,0,53,0.15690750491511807,1
965,100966,28,0,27,0,22,2,4,7,203,20,63,2,0,762,1,11,0,0,0,58,0.09229741601101721,1
966,100967,26,0,13,0,48,1,1,0,215,19,71,2,0,862,1,6,1,1,0,44,0.16960782229350146,1
967,100968,35,0,26,0,85,0,0,0,245,18,71,2,1,776,1,7,3,2,0,45,0.10088598392537879,1
968,100969,30,0,32,0,14,2,0,0,250,22,68,2,0,744,0,7,1,1,1,31,0.14794663208878195,1
969,100970,44,0,31,1,26,1,1,6,206,16,72,1,0,855,0,5,3,2,0,63,0.10975778725051855,1
970,100971,30,0,1,0,26,0,1,11,205,21,69,2,2,800,0,6,4,4,0,50,0.0875128986110224,1
971,100972,31,0,9,1,36,1,0,2,290,22,62,2,0,812,0,9,3,3,0,51,0.1581774598868162,1
972,100973,17,0,18,0,57,1,1,7,281,20,58,4,1,635,4,11,1,1,0,52,0.04111096220713584,1
973,100974,35,0,19,0,36,1,2,5,289,22,62,0,1,759,1,8,3,3,0,56,0.1367876512333696,1
974,100975,24,1,17,0,30,3,1,2,325,26,60,2,1,632,0,9,4,2,0,46,0.10619724418018534,1
975,100976,42,0,2,0,2,1,2,0,280,20,67,1,0,807,1,8,3,3,0,52,0.14739217375351737,1
976,100977,18,1,1,1,9,0,1,9,257,29,59,1,1,765,0,9,5,3,0,76,0.024963552933513378,1
977,100978,18,0,17,0,19,2,2,3,247,24,69,0,0,765,0,8,3,4,1,50,0.1558699640088187,1
978,100979,34,0,8,0,6,0,0,2,195,17,79,1,0,991,1,4,2,1,0,62,0.09935471632943255,1
979,100980,25,0,7,0,21,1,1,1,265,36,64,0,0,923,0,12,2,2,0,71,0.13008394992983974,1
980,100981,23,0,15,0,3,0,0,0,244,18,73,0,1,898,0,4,2,2,0,56,0.12253830158168383,1
981,100982,28,0,13,0,24,0,1,0,239,15,72,1,0,958,2,8,3,3,0,62,0.1400386469325599,1
982,100983,27,0,3,0,16,0,1,0,297,30,68,2,0,868,0,7,5,1,0,69,0.12806773612010314,1
983,100984,29,0,21,0,26,1,1,9,248,21,70,1,0,778,1,7,2,1,0,51,0.1851270116550337,1
984,100985,34,0,11,0,13,0,1,1,256,29,63,1,1,815,0,8,3,2,0,63,0.14817834833048854,1
985,100986,13,0,7,0,33,0,1,5,284,28,65,1,0,817,0,10,3,2,0,46,0.17033951965401783,1
986,100987,40,0,16,0,28,4,0,0,211,9,78,0,0,849,0,1,2,1,0,45,0.10174414931808223,1
987,100988,24,0,17,0,37,2,0,0,235,16,75,1,0,946,1,7,4,5,0,46,0.15181707483593154,1
988,100989,25,0,39,0,23,3,0,7,301,16,65,3,0,769,1,8,4,3,1,53,0.12412443435907994,1
989,100990,23,0,8,0,54,0,1,4,248,24,67,1,1,888,1,4,6,5,0,52,0.0860074313702866,1
990,100991,22,0,15,0,3,1,2,6,259,29,58,2,0,723,1,13,2,2,0,58,0.1272824777760227,1
991,100992,29,0,16,0,32,1,0,2,373,29,55,1,1,752,0,11,1,1,0,33,0.1069148213398704,1
992,100993,29,1,6,0,25,1,1,3,229,14,69,2,0,818,0,2,1,0,0,54,0.10856128151469135,1
993,100994,34,0,20,0,43,3,1,4,160,11,76,2,0,861,2,5,4,4,1,52,0.09647792859291293,1
994,100995,23,0,17,0,18,2,1,1,281,36,65,2,0,804,0,9,1,0,0,60,0.15022908174702676,1
995,100996,23,0,3,0,16,0,0,8,282,26,66,1,0,697,1,12,5,3,0,48,0.1444027182783854,1
996,100997,19,0,13,0,35,1,0,0,295,17,66,0,0,710,0,5,5,4,0,45,0.15285100567442628,1
997,100998,22,0,26,0,33,3,0,0,216,16,72,0,0,741,0,8,7,4,0,39,0.11657815533993798,1
998,100999,40,0,36,0,13,6,1,0,149,13,82,1,0,897,0,2,1,1,0,42,0.06504142558715953,1
999,101000,26,0,33,0,29,1,1,0,227,18,79,3,0,912,1,6,2,1,2,46,0.10085954788236112,1
